CustomerID,BusinessName,BusinessSector,District,BusinessAgeYears,AnnualRevenueBDT,NumberOfEmployees,ExistingDebtBDT,PreviousLoans,PreviousDefaultFlag,RelationshipYears
C00001,SME Business 0001,Retail,Chattogram,3.2,34864694.25,31,2303774.67,1,1,1.7
C00002,SME Business 0002,Retail,Narayanganj,2.6,13052394.19,14,5860500.74,0,0,2.6
C00003,SME Business 0003,Retail,Dhaka,1.6,43103635.64,40,17532742.03,1,0,1.6
C00004,SME Business 0004,Food & Beverage,Narayanganj,6.8,17579047.75,36,2474885.33,1,0,1.9
C00005,SME Business 0005,Manufacturing,Dhaka,7.0,9444507.77,14,4877398.17,2,0,1.4
C00006,SME Business 0006,Retail,Sylhet,4.1,19023667.18,19,8878564.58,3,0,0.3
C00007,SME Business 0007,Manufacturing,Dhaka,2.7,26728363.88,28,6139101.79,4,0,2.1
C00008,SME Business 0008,Services,Dhaka,3.1,31525062.87,51,17297642.21,1,1,0.4
C00009,SME Business 0009,Services,Dhaka,10.5,4287332.87,3,1288046.0,5,0,0.1
C00010,SME Business 0010,Agriculture,Sylhet,5.7,15123737.57,19,3939333.83,4,0,2.1
C00011,SME Business 0011,Retail,Narayanganj,17.6,5316803.47,5,537022.74,3,0,6.2
C00012,SME Business 0012,Retail,Narayanganj,3.6,24126471.72,48,11709664.53,4,1,3.6
C00013,SME Business 0013,Transport,Dhaka,5.0,10409401.35,12,4235205.12,0,0,5.0
C00014,SME Business 0014,Wholesale,Chattogram,5.5,6543122.03,7,928866.89,0,0,5.0
C00015,SME Business 0015,Food & Beverage,Dhaka,2.9,7423610.85,6,2395249.12,1,0,2.9
C00016,SME Business 0016,Retail,Dhaka,4.6,10048497.18,10,5442342.06,0,0,2.7
C00017,SME Business 0017,Manufacturing,Cumilla,2.5,10247302.13,16,5219266.26,1,0,2.5
C00018,SME Business 0018,Construction,Dhaka,12.2,4659482.36,7,1083568.94,0,0,7.9
C00019,SME Business 0019,Transport,Dhaka,4.8,16017760.4,28,2839230.48,5,0,4.3
C00020,SME Business 0020,Retail,Sylhet,6.3,22094867.26,18,1380025.01,0,0,5.4
C00021,SME Business 0021,Retail,Dhaka,6.4,9042989.54,10,4660705.41,0,0,1.9
C00022,SME Business 0022,Agriculture,Gazipur,3.4,17830345.77,22,9792084.51,5,1,1.7
C00023,SME Business 0023,Construction,Dhaka,14.7,9573683.35,8,3761271.95,2,0,5.2
C00024,SME Business 0024,Food & Beverage,Dhaka,3.4,13350658.2,14,5344728.53,0,0,2.1
C00025,SME Business 0025,Food & Beverage,Narayanganj,4.5,15733774.63,15,4915083.66,1,1,0.6
C00026,SME Business 0026,Food & Beverage,Cumilla,5.8,13820284.13,25,2534321.21,4,0,5.8
C00027,SME Business 0027,Retail,Cumilla,3.0,8373031.81,14,4294000.0,3,0,3.0
C00028,SME Business 0028,Retail,Cumilla,8.9,2424550.05,4,1169235.37,3,0,6.5
C00029,SME Business 0029,Manufacturing,Gazipur,0.8,1894077.34,2,318084.24,2,0,0.8
C00030,SME Business 0030,Construction,Narayanganj,1.9,8177032.1,10,3320928.91,1,0,1.9
C00031,SME Business 0031,Services,Gazipur,3.0,14654568.6,14,5501810.23,1,0,3.0
C00032,SME Business 0032,Manufacturing,Dhaka,12.8,7872364.6,10,1836403.85,1,0,3.4
C00033,SME Business 0033,Agriculture,Khulna,3.4,9407375.76,9,2506536.39,1,0,3.4
C00034,SME Business 0034,Transport,Cumilla,2.3,12759704.55,18,5789900.14,3,0,1.8
C00035,SME Business 0035,Retail,Dhaka,3.0,8567069.64,14,3333170.53,1,0,3.0
C00036,SME Business 0036,Transport,Dhaka,4.5,47955509.15,98,7292838.28,3,0,4.5
C00037,SME Business 0037,Construction,Chattogram,6.4,52376505.3,52,15059943.71,3,0,6.4
C00038,SME Business 0038,Wholesale,Sylhet,3.1,28277816.7,33,9958787.37,0,0,2.3
C00039,SME Business 0039,Manufacturing,Dhaka,5.7,3335031.84,3,180229.43,1,0,3.3
C00040,SME Business 0040,Wholesale,Dhaka,8.1,22419956.76,49,4628200.22,3,0,7.6
C00041,SME Business 0041,Transport,Gazipur,5.8,7119552.89,9,251912.24,1,0,3.2
C00042,SME Business 0042,Wholesale,Dhaka,2.0,3844420.81,4,132110.0,2,0,2.0
C00043,SME Business 0043,Wholesale,Dhaka,2.7,22163278.88,21,10215495.65,0,1,0.2
C00044,SME Business 0044,Construction,Narayanganj,3.8,38958868.17,38,20386950.46,0,1,1.2
C00045,SME Business 0045,Agriculture,Dhaka,6.0,41791173.47,72,14285943.71,3,0,6.0
C00046,SME Business 0046,Retail,Khulna,0.8,7071787.16,13,2729891.17,2,0,0.8
C00047,SME Business 0047,Services,Cumilla,1.9,22561611.5,29,4882390.59,1,0,1.9
C00048,SME Business 0048,Retail,Bogura,11.9,8427687.1,7,1374923.8,3,0,3.9
C00049,SME Business 0049,Agriculture,Gazipur,3.2,25050078.49,31,8604095.83,1,1,3.2
C00050,SME Business 0050,Retail,Dhaka,10.7,76771749.06,116,1948473.95,4,0,5.8
C00051,SME Business 0051,Transport,Narayanganj,8.0,11248885.75,21,1546115.39,2,0,4.7
C00052,SME Business 0052,Services,Gazipur,4.5,5230663.61,8,801567.54,0,0,1.0
C00053,SME Business 0053,Transport,Narayanganj,2.5,11036911.79,9,3289634.78,1,0,1.6
C00054,SME Business 0054,Retail,Dhaka,0.6,15518810.38,28,7453443.07,1,0,0.6
C00055,SME Business 0055,Wholesale,Gazipur,2.5,41114951.2,38,9554084.5,0,0,0.4
C00056,SME Business 0056,Services,Dhaka,3.5,25172925.9,40,7475438.76,1,0,3.5
C00057,SME Business 0057,Manufacturing,Khulna,6.8,6992474.96,7,721904.93,0,0,0.0
C00058,SME Business 0058,Services,Gazipur,3.3,33147505.33,41,12739050.62,4,0,3.3
C00059,SME Business 0059,Construction,Chattogram,4.5,125892308.18,117,7282519.23,0,0,4.5
C00060,SME Business 0060,Manufacturing,Narayanganj,1.9,12016333.23,23,494186.31,1,0,1.9
C00061,SME Business 0061,Construction,Dhaka,12.2,16925380.94,35,7122580.79,1,0,7.3
C00062,SME Business 0062,Services,Dhaka,7.0,4810372.45,6,1804711.09,3,0,5.5
C00063,SME Business 0063,Construction,Dhaka,11.2,10900511.55,15,5823030.44,1,0,7.9
C00064,SME Business 0064,Services,Chattogram,4.4,5245477.02,5,2217761.37,0,0,4.4
C00065,SME Business 0065,Agriculture,Gazipur,1.9,14784862.9,25,4612059.23,2,0,1.9
C00066,SME Business 0066,Wholesale,Cumilla,1.9,11900113.26,14,1962509.5,3,0,1.9
C00067,SME Business 0067,Wholesale,Narayanganj,14.6,2537468.63,3,1307181.15,1,0,2.3
C00068,SME Business 0068,Services,Dhaka,2.2,7249208.56,8,1894454.86,1,0,2.2
C00069,SME Business 0069,Manufacturing,Narayanganj,9.1,25142800.6,26,11439878.79,5,0,0.3
C00070,SME Business 0070,Services,Narayanganj,14.0,9987012.61,12,4023719.73,1,0,1.2
C00071,SME Business 0071,Construction,Gazipur,3.7,52397754.4,48,24912583.47,1,0,3.7
C00072,SME Business 0072,Food & Beverage,Sylhet,7.0,10784507.42,11,5203168.87,1,0,7.0
C00073,SME Business 0073,Transport,Dhaka,3.4,3984985.09,4,1753534.19,0,0,3.4
C00074,SME Business 0074,Manufacturing,Chattogram,4.9,16321595.84,20,3315728.62,2,0,3.4
C00075,SME Business 0075,Food & Beverage,Dhaka,2.6,11620912.49,13,3772732.99,5,0,2.6
C00076,SME Business 0076,Manufacturing,Chattogram,6.0,17462969.98,19,4946656.26,4,0,6.0
C00077,SME Business 0077,Manufacturing,Chattogram,7.0,30379176.67,32,14105618.97,2,0,5.2
C00078,SME Business 0078,Wholesale,Dhaka,6.2,5139826.32,5,581259.04,0,0,6.2
C00079,SME Business 0079,Construction,Narayanganj,11.7,69987863.78,99,5671812.63,5,0,7.7
C00080,SME Business 0080,Agriculture,Cumilla,10.9,13233094.98,13,4980151.2,2,0,7.5
C00081,SME Business 0081,Manufacturing,Dhaka,0.8,34520334.89,56,1847011.62,3,0,0.8
C00082,SME Business 0082,Retail,Gazipur,5.2,9774394.78,9,5096039.7,1,0,1.2
C00083,SME Business 0083,Retail,Gazipur,5.2,8548255.04,7,4046646.51,0,0,4.4
C00084,SME Business 0084,Manufacturing,Khulna,4.3,9866085.06,10,3319812.9,0,0,1.9
C00085,SME Business 0085,Services,Dhaka,1.4,6960620.46,6,1351310.93,0,0,0.0
C00086,SME Business 0086,Retail,Cumilla,2.0,2958041.52,6,82458.29,3,0,2.0
C00087,SME Business 0087,Retail,Dhaka,9.1,23780606.04,23,6944320.25,0,0,7.6
C00088,SME Business 0088,Transport,Dhaka,4.8,3510531.36,4,1346751.02,1,0,0.6
C00089,SME Business 0089,Services,Dhaka,1.4,18440783.37,26,10089924.61,1,0,1.4
C00090,SME Business 0090,Agriculture,Dhaka,13.0,48903020.51,80,12681732.05,0,0,3.6
C00091,SME Business 0091,Retail,Gazipur,4.5,9665810.8,8,537232.08,3,0,0.8
C00092,SME Business 0092,Food & Beverage,Sylhet,5.9,13720259.14,25,2845677.54,2,0,5.9
C00093,SME Business 0093,Construction,Sylhet,6.5,13863100.05,14,1924888.4,0,0,2.9
C00094,SME Business 0094,Services,Sylhet,11.0,19075720.3,40,9774679.0,3,0,1.4
C00095,SME Business 0095,Manufacturing,Sylhet,14.0,10138206.21,10,367492.36,3,0,3.4
C00096,SME Business 0096,Wholesale,Dhaka,8.6,13364777.72,27,1382282.15,2,0,2.2
C00097,SME Business 0097,Wholesale,Chattogram,4.7,18254495.3,23,3105466.23,2,0,4.7
C00098,SME Business 0098,Wholesale,Dhaka,3.4,5896541.18,8,142088.07,3,0,3.0
C00099,SME Business 0099,Services,Sylhet,12.1,15546964.95,15,3752692.18,0,1,2.6
C00100,SME Business 0100,Services,Bogura,12.0,4828312.23,5,1109335.39,1,0,2.7
C00101,SME Business 0101,Services,Dhaka,1.8,29804881.43,29,13532690.59,3,0,1.2
C00102,SME Business 0102,Services,Dhaka,9.5,11588012.96,11,2988777.83,4,0,5.1
C00103,SME Business 0103,Food & Beverage,Chattogram,6.9,3881827.08,5,642741.45,0,0,2.5
C00104,SME Business 0104,Retail,Gazipur,13.6,16863069.76,21,5291423.48,3,0,3.6
C00105,SME Business 0105,Services,Bogura,3.6,5396644.35,6,601489.6,0,0,3.5
C00106,SME Business 0106,Retail,Narayanganj,4.0,9814294.5,10,4301509.82,2,0,0.8
C00107,SME Business 0107,Manufacturing,Chattogram,8.7,6703016.18,12,1376833.16,5,0,3.1
C00108,SME Business 0108,Construction,Chattogram,3.5,51173530.14,50,19613261.16,1,0,3.4
C00109,SME Business 0109,Wholesale,Dhaka,2.4,42759628.18,68,3972781.54,0,0,0.8
C00110,SME Business 0110,Food & Beverage,Sylhet,3.7,5061816.02,8,2331537.66,3,0,1.3
C00111,SME Business 0111,Wholesale,Gazipur,7.7,10709324.53,10,2762275.57,1,0,6.5
C00112,SME Business 0112,Food & Beverage,Gazipur,4.0,44574179.65,67,9912958.35,1,0,4.0
C00113,SME Business 0113,Retail,Bogura,3.0,40836168.37,77,19124513.07,3,0,3.0
C00114,SME Business 0114,Food & Beverage,Dhaka,2.1,27706194.22,35,5687530.08,0,0,2.1
C00115,SME Business 0115,Construction,Dhaka,4.1,34229757.23,61,5889095.57,3,0,1.1
C00116,SME Business 0116,Wholesale,Sylhet,3.1,15577279.16,18,1229499.63,1,0,0.4
C00117,SME Business 0117,Transport,Gazipur,4.8,51931461.66,112,15223663.17,0,0,3.4
C00118,SME Business 0118,Manufacturing,Chattogram,4.4,3173268.66,3,1725673.28,2,0,3.8
C00119,SME Business 0119,Construction,Chattogram,10.4,29923397.6,29,12258092.96,1,0,4.4
C00120,SME Business 0120,Retail,Bogura,10.1,26012585.35,24,1390198.0,3,0,2.3
C00121,SME Business 0121,Retail,Dhaka,1.1,94369106.59,110,14557028.8,3,0,1.1
C00122,SME Business 0122,Food & Beverage,Bogura,3.7,2103182.48,2,1039304.18,1,0,3.7
C00123,SME Business 0123,Construction,Narayanganj,5.5,17191428.48,19,7836555.85,2,0,0.6
C00124,SME Business 0124,Manufacturing,Chattogram,6.5,18386878.82,38,8846289.67,1,0,2.2
C00125,SME Business 0125,Construction,Khulna,1.5,4405341.28,4,2312708.93,0,0,1.5
C00126,SME Business 0126,Retail,Dhaka,10.1,8086343.01,8,3072025.08,4,0,6.1
C00127,SME Business 0127,Services,Narayanganj,4.3,7949175.5,7,2261487.16,1,0,2.1
C00128,SME Business 0128,Wholesale,Dhaka,1.9,6017735.51,7,400354.48,2,0,1.9
C00129,SME Business 0129,Retail,Dhaka,5.8,71004334.38,61,25418203.47,3,0,1.0
C00130,SME Business 0130,Retail,Dhaka,5.9,32217802.71,35,2116522.94,1,0,5.8
C00131,SME Business 0131,Transport,Narayanganj,4.8,1872144.43,2,672269.81,0,0,3.5
C00132,SME Business 0132,Retail,Cumilla,1.9,5829721.26,5,1185720.03,4,0,1.9
C00133,SME Business 0133,Services,Dhaka,5.9,6479215.09,7,708677.29,4,0,5.3
C00134,SME Business 0134,Services,Sylhet,12.5,16540190.6,16,3982728.96,2,0,5.0
C00135,SME Business 0135,Construction,Dhaka,5.1,17616942.7,34,911745.62,1,0,1.6
C00136,SME Business 0136,Manufacturing,Chattogram,8.5,5101548.87,5,964863.18,1,0,2.0
C00137,SME Business 0137,Manufacturing,Dhaka,4.1,5737911.6,6,1065753.43,3,0,4.1
C00138,SME Business 0138,Manufacturing,Narayanganj,0.8,15229321.76,24,3152993.45,0,0,0.8
C00139,SME Business 0139,Wholesale,Chattogram,5.7,5093826.05,5,2164081.87,1,0,4.6
C00140,SME Business 0140,Services,Dhaka,1.4,20495190.59,17,7800700.71,0,0,1.4
C00141,SME Business 0141,Manufacturing,Bogura,2.6,12001427.96,21,2358419.5,1,0,2.6
C00142,SME Business 0142,Manufacturing,Narayanganj,6.7,7719585.29,7,2332396.35,2,0,6.5
C00143,SME Business 0143,Agriculture,Dhaka,10.6,3894995.91,3,1680168.31,2,0,4.7
C00144,SME Business 0144,Services,Dhaka,6.8,2401784.23,5,1255049.33,0,1,2.5
C00145,SME Business 0145,Agriculture,Dhaka,4.4,17316246.71,31,2249226.4,1,0,4.2
C00146,SME Business 0146,Retail,Dhaka,3.9,29608896.53,30,10165935.93,0,0,3.9
C00147,SME Business 0147,Construction,Dhaka,3.4,2823634.47,4,578465.8,4,0,2.2
C00148,SME Business 0148,Agriculture,Dhaka,4.1,22441816.35,33,8942948.97,1,0,2.1
C00149,SME Business 0149,Retail,Gazipur,5.7,16717888.74,18,5533958.27,0,0,4.2
C00150,SME Business 0150,Retail,Chattogram,4.4,34463696.98,29,16733910.08,1,0,4.4
C00151,SME Business 0151,Services,Dhaka,6.2,24912086.9,22,2819251.42,4,0,3.2
C00152,SME Business 0152,Construction,Narayanganj,6.1,10385646.13,9,2783882.91,0,0,1.3
C00153,SME Business 0153,Manufacturing,Gazipur,2.5,32004752.15,31,3616930.79,3,0,2.5
C00154,SME Business 0154,Retail,Narayanganj,7.6,5529666.97,8,874882.88,0,0,7.6
C00155,SME Business 0155,Agriculture,Dhaka,0.5,16193680.92,30,2957085.34,1,0,0.5
C00156,SME Business 0156,Manufacturing,Sylhet,1.9,5525424.89,8,501661.36,0,0,1.9
C00157,SME Business 0157,Services,Gazipur,5.0,16298211.39,25,6845443.73,3,0,3.6
C00158,SME Business 0158,Retail,Sylhet,6.0,13810272.72,15,1373041.65,1,0,0.9
C00159,SME Business 0159,Services,Dhaka,1.6,27343320.25,32,7166771.52,0,0,1.6
C00160,SME Business 0160,Wholesale,Sylhet,11.4,13524693.51,19,727530.5,5,0,0.6
C00161,SME Business 0161,Retail,Khulna,4.4,17320656.61,14,3857556.14,3,0,3.0
C00162,SME Business 0162,Agriculture,Chattogram,5.7,9158662.78,10,2750223.21,2,0,0.0
C00163,SME Business 0163,Manufacturing,Dhaka,7.7,15619586.03,24,3178033.75,0,0,5.8
C00164,SME Business 0164,Transport,Dhaka,4.5,7450037.54,15,2509366.31,2,0,4.5
C00165,SME Business 0165,Manufacturing,Gazipur,2.7,3258160.9,4,1473883.55,2,0,2.7
C00166,SME Business 0166,Manufacturing,Chattogram,3.4,16196940.67,23,847222.25,4,0,3.4
C00167,SME Business 0167,Wholesale,Chattogram,5.2,22123718.98,29,2192136.04,1,0,3.8
C00168,SME Business 0168,Manufacturing,Bogura,8.3,47793480.76,40,15072246.81,0,0,1.6
C00169,SME Business 0169,Construction,Chattogram,8.7,4264291.86,4,2059733.32,0,0,5.8
C00170,SME Business 0170,Wholesale,Narayanganj,21.1,11522757.99,12,1479429.55,4,0,6.2
C00171,SME Business 0171,Services,Gazipur,3.9,12454504.12,23,6726662.51,1,0,3.9
C00172,SME Business 0172,Wholesale,Dhaka,6.0,5968245.64,5,1951292.55,1,0,2.6
C00173,SME Business 0173,Food & Beverage,Dhaka,5.3,17250531.27,16,9181584.6,2,0,1.3
C00174,SME Business 0174,Retail,Bogura,8.6,45269985.44,48,2314563.24,0,0,7.6
C00175,SME Business 0175,Transport,Chattogram,4.4,3150414.01,6,907440.36,1,0,4.4
C00176,SME Business 0176,Wholesale,Chattogram,5.2,12950266.63,15,2144727.21,5,1,5.2
C00177,SME Business 0177,Transport,Chattogram,1.7,4647193.95,4,751368.13,1,0,1.7
C00178,SME Business 0178,Construction,Narayanganj,2.8,51927842.2,47,21943693.55,0,0,2.8
C00179,SME Business 0179,Retail,Dhaka,2.4,7674916.14,8,3643428.25,0,0,0.3
C00180,SME Business 0180,Food & Beverage,Dhaka,19.2,13205948.11,11,2465245.29,5,0,6.0
C00181,SME Business 0181,Wholesale,Sylhet,1.5,2516474.77,3,1058109.47,0,0,1.5
C00182,SME Business 0182,Construction,Narayanganj,1.2,25377026.37,24,13350217.89,1,0,0.2
C00183,SME Business 0183,Construction,Dhaka,5.2,37230487.87,38,13781092.6,0,0,5.2
C00184,SME Business 0184,Retail,Sylhet,2.2,25403565.58,36,1942661.12,0,0,2.2
C00185,SME Business 0185,Retail,Dhaka,2.5,13732301.36,29,2850476.58,0,0,2.5
C00186,SME Business 0186,Manufacturing,Gazipur,4.2,5511678.09,9,989895.02,1,0,3.5
C00187,SME Business 0187,Wholesale,Gazipur,1.5,4479117.75,5,553800.62,0,0,1.5
C00188,SME Business 0188,Services,Dhaka,10.9,3250846.66,2,1743557.31,0,0,7.6
C00189,SME Business 0189,Manufacturing,Dhaka,3.3,11634656.51,18,2551588.49,3,0,0.9
C00190,SME Business 0190,Services,Narayanganj,5.8,56792863.74,71,22457859.79,1,0,5.5
C00191,SME Business 0191,Transport,Bogura,4.4,15508966.4,16,6189245.22,3,0,4.4
C00192,SME Business 0192,Wholesale,Gazipur,5.4,22142025.33,21,4662017.41,4,0,5.1
C00193,SME Business 0193,Transport,Dhaka,7.4,15017210.97,12,5692425.56,1,0,7.4
C00194,SME Business 0194,Retail,Gazipur,3.1,12810322.37,14,3282806.93,1,0,3.1
C00195,SME Business 0195,Manufacturing,Narayanganj,4.4,5615705.77,7,728018.31,1,0,3.5
C00196,SME Business 0196,Manufacturing,Chattogram,3.4,23411141.66,40,12676366.48,0,0,1.3
C00197,SME Business 0197,Construction,Narayanganj,2.9,3336958.59,4,118368.28,2,0,2.9
C00198,SME Business 0198,Agriculture,Gazipur,2.6,6096163.26,7,969578.3,3,0,2.6
C00199,SME Business 0199,Services,Chattogram,6.3,44774818.63,42,17649061.81,1,0,0.7
C00200,SME Business 0200,Retail,Dhaka,3.5,21360173.68,27,1987984.28,1,0,3.5
C00201,SME Business 0201,Services,Chattogram,5.2,7333199.07,14,1542104.01,0,0,5.2
C00202,SME Business 0202,Services,Khulna,5.2,5565038.41,6,355135.33,0,0,2.3
C00203,SME Business 0203,Services,Dhaka,2.3,54362162.68,63,4349072.36,0,0,2.3
C00204,SME Business 0204,Food & Beverage,Dhaka,1.1,20222313.71,16,5224599.39,1,0,1.1
C00205,SME Business 0205,Transport,Khulna,2.9,14619338.36,14,5195251.39,0,0,1.7
C00206,SME Business 0206,Retail,Dhaka,3.9,13046128.12,13,2261502.2,0,0,3.9
C00207,SME Business 0207,Retail,Chattogram,18.3,22151804.07,20,3374360.79,2,0,6.1
C00208,SME Business 0208,Wholesale,Chattogram,6.2,9551208.22,10,4646340.86,0,0,2.2
C00209,SME Business 0209,Wholesale,Khulna,0.5,42357304.27,53,15756757.29,1,1,0.5
C00210,SME Business 0210,Wholesale,Dhaka,2.7,24726790.55,27,7913940.83,1,0,2.7
C00211,SME Business 0211,Retail,Dhaka,10.2,16472631.34,17,1717404.51,4,0,5.2
C00212,SME Business 0212,Wholesale,Dhaka,4.3,17542828.42,18,6893629.17,0,0,1.1
C00213,SME Business 0213,Agriculture,Dhaka,0.5,10531506.92,20,2348811.03,2,0,0.5
C00214,SME Business 0214,Retail,Cumilla,9.9,3957611.75,8,1442591.88,1,0,5.0
C00215,SME Business 0215,Wholesale,Dhaka,7.9,29424221.33,39,15610191.35,1,0,2.2
C00216,SME Business 0216,Services,Dhaka,6.5,44663694.93,41,16478886.69,1,0,4.1
C00217,SME Business 0217,Manufacturing,Sylhet,1.2,44589071.77,83,12698019.98,2,0,1.2
C00218,SME Business 0218,Construction,Khulna,2.0,14041760.46,14,5957143.11,4,0,0.1
C00219,SME Business 0219,Manufacturing,Dhaka,10.4,17473023.37,22,6848719.92,0,0,4.9
C00220,SME Business 0220,Manufacturing,Dhaka,5.4,31621979.04,42,11262988.46,3,0,0.5
C00221,SME Business 0221,Agriculture,Chattogram,1.6,10085368.62,14,4166241.17,3,0,1.6
C00222,SME Business 0222,Retail,Sylhet,10.2,6880345.71,6,1117678.98,4,0,0.2
C00223,SME Business 0223,Manufacturing,Bogura,1.3,13544949.43,17,2856164.76,1,0,1.3
C00224,SME Business 0224,Retail,Dhaka,6.2,5358021.85,11,2557663.0,0,0,3.1
C00225,SME Business 0225,Construction,Dhaka,13.3,10089971.23,13,4053672.16,0,0,3.0
C00226,SME Business 0226,Food & Beverage,Narayanganj,2.4,3705297.62,5,1733222.06,1,0,0.1
C00227,SME Business 0227,Services,Dhaka,3.5,10549491.37,12,4530848.61,0,0,3.5
C00228,SME Business 0228,Retail,Dhaka,4.4,2971207.96,2,1556986.77,0,0,4.4
C00229,SME Business 0229,Retail,Sylhet,5.6,11852545.15,9,4707544.24,0,0,5.6
C00230,SME Business 0230,Agriculture,Narayanganj,4.0,2858678.28,3,1518060.18,0,0,2.5
C00231,SME Business 0231,Agriculture,Bogura,8.9,8377355.31,13,3630465.99,2,0,1.3
C00232,SME Business 0232,Wholesale,Gazipur,5.7,6478939.11,9,541342.48,0,0,5.7
C00233,SME Business 0233,Retail,Chattogram,1.6,7787786.27,8,1229601.11,5,1,1.6
C00234,SME Business 0234,Transport,Gazipur,3.0,20086819.71,43,9241892.24,5,0,3.0
C00235,SME Business 0235,Services,Dhaka,7.2,1834488.18,3,99374.55,4,0,1.0
C00236,SME Business 0236,Food & Beverage,Cumilla,3.7,11207078.38,12,5104748.7,1,1,3.7
C00237,SME Business 0237,Retail,Dhaka,2.5,15109480.81,22,3601433.43,2,0,2.2
C00238,SME Business 0238,Retail,Dhaka,6.9,22790495.99,26,6310235.43,4,0,3.1
C00239,SME Business 0239,Manufacturing,Dhaka,2.8,16391529.85,15,8296532.28,0,0,1.8
C00240,SME Business 0240,Transport,Bogura,3.9,22107218.34,24,9888369.07,2,0,0.2
C00241,SME Business 0241,Construction,Sylhet,6.0,35903783.29,52,10050592.83,0,0,1.8
C00242,SME Business 0242,Retail,Narayanganj,2.0,55181842.18,53,25860135.46,3,0,2.0
C00243,SME Business 0243,Wholesale,Khulna,1.7,6396010.69,5,2812175.84,5,0,1.4
C00244,SME Business 0244,Agriculture,Khulna,2.8,6061524.74,6,530350.88,2,0,2.8
C00245,SME Business 0245,Construction,Gazipur,6.5,54306911.17,97,22539104.0,0,0,1.3
C00246,SME Business 0246,Retail,Cumilla,8.3,33241081.7,51,5061175.99,0,0,0.9
C00247,SME Business 0247,Wholesale,Dhaka,8.9,36274231.43,49,11222982.51,0,0,6.9
C00248,SME Business 0248,Agriculture,Chattogram,2.3,24531980.8,35,12864102.9,0,0,2.3
C00249,SME Business 0249,Services,Sylhet,6.4,11692274.26,10,1256317.49,4,0,0.8
C00250,SME Business 0250,Retail,Dhaka,8.1,18940955.61,28,2763496.62,0,0,6.7
C00251,SME Business 0251,Wholesale,Dhaka,4.5,21668709.06,36,728933.58,0,0,0.7
C00252,SME Business 0252,Manufacturing,Bogura,4.3,15537906.38,18,1833271.69,4,0,3.6
C00253,SME Business 0253,Wholesale,Dhaka,2.8,15673961.76,22,4811404.27,5,0,2.8
C00254,SME Business 0254,Food & Beverage,Bogura,4.5,33235606.1,29,9054010.88,0,0,4.5
C00255,SME Business 0255,Food & Beverage,Narayanganj,10.8,14647480.4,14,1635037.53,5,0,6.5
C00256,SME Business 0256,Wholesale,Dhaka,17.4,4276216.48,5,824656.4,0,0,7.0
C00257,SME Business 0257,Services,Bogura,5.5,10365058.78,11,4373433.06,4,0,4.5
C00258,SME Business 0258,Manufacturing,Dhaka,5.7,9721035.02,11,3331884.18,0,0,1.2
C00259,SME Business 0259,Agriculture,Chattogram,1.0,8693919.03,8,4416880.71,4,1,1.0
C00260,SME Business 0260,Manufacturing,Dhaka,5.2,7453110.55,11,1795376.41,2,0,1.7
C00261,SME Business 0261,Transport,Bogura,9.5,31519707.14,55,5827843.8,1,0,6.8
C00262,SME Business 0262,Retail,Cumilla,2.5,23095402.19,29,11699125.33,2,0,2.5
C00263,SME Business 0263,Services,Narayanganj,4.0,14581306.15,25,7204342.21,3,0,2.3
C00264,SME Business 0264,Retail,Gazipur,6.1,52545387.74,54,8544631.29,1,1,6.1
C00265,SME Business 0265,Retail,Sylhet,3.0,17221284.92,23,3527192.55,0,0,3.0
C00266,SME Business 0266,Wholesale,Bogura,1.7,54357266.54,74,19736651.86,2,0,0.9
C00267,SME Business 0267,Construction,Dhaka,7.1,3594272.49,3,641071.89,0,0,7.1
C00268,SME Business 0268,Transport,Bogura,6.5,30894859.08,32,16950730.83,0,0,3.1
C00269,SME Business 0269,Agriculture,Dhaka,6.1,18351758.9,21,8001283.18,4,0,4.1
C00270,SME Business 0270,Food & Beverage,Bogura,1.7,1912919.76,2,223861.79,2,0,0.7
C00271,SME Business 0271,Transport,Dhaka,3.5,8604274.88,12,4053846.98,1,0,3.5
C00272,SME Business 0272,Retail,Khulna,3.4,21839361.21,36,5173126.15,2,0,3.4
C00273,SME Business 0273,Agriculture,Dhaka,10.1,15135184.0,16,340513.73,0,0,1.3
C00274,SME Business 0274,Wholesale,Sylhet,6.7,10055183.65,16,2189453.34,0,0,6.7
C00275,SME Business 0275,Agriculture,Dhaka,6.9,18454629.88,33,4120582.1,2,0,6.6
C00276,SME Business 0276,Manufacturing,Dhaka,8.7,1500000.0,2,302472.61,4,0,1.5
C00277,SME Business 0277,Construction,Khulna,4.3,17569959.04,17,5842665.03,0,0,4.3
C00278,SME Business 0278,Food & Beverage,Dhaka,3.1,23728296.47,51,9148856.79,1,0,3.1
C00279,SME Business 0279,Retail,Gazipur,8.1,5092324.9,5,830496.52,2,0,6.6
C00280,SME Business 0280,Agriculture,Dhaka,1.9,5861681.71,9,934274.55,1,0,1.9
C00281,SME Business 0281,Retail,Dhaka,5.2,30827752.96,68,11590173.41,4,0,5.2
C00282,SME Business 0282,Retail,Dhaka,5.4,5493532.46,8,2988442.89,1,0,0.8
C00283,SME Business 0283,Retail,Dhaka,3.3,4222162.69,8,1781111.4,0,0,3.3
C00284,SME Business 0284,Manufacturing,Dhaka,4.6,21051496.19,28,11157803.75,0,0,4.6
C00285,SME Business 0285,Services,Bogura,4.4,47247808.65,80,10454424.01,1,1,4.4
C00286,SME Business 0286,Construction,Bogura,2.0,4600595.91,9,729906.71,1,0,2.0
C00287,SME Business 0287,Services,Sylhet,6.0,17447487.8,20,6827332.79,0,0,2.0
C00288,SME Business 0288,Agriculture,Dhaka,4.2,3544564.52,5,1893424.4,0,0,4.2
C00289,SME Business 0289,Manufacturing,Gazipur,4.9,7079291.64,9,586976.86,1,0,0.8
C00290,SME Business 0290,Services,Gazipur,6.6,6721912.23,11,2526641.89,4,0,0.4
C00291,SME Business 0291,Wholesale,Dhaka,6.0,10704176.05,10,860962.35,3,0,2.7
C00292,SME Business 0292,Construction,Bogura,3.4,16342035.78,28,1543310.31,2,0,0.9
C00293,SME Business 0293,Retail,Chattogram,4.8,17102215.87,22,8741148.8,3,0,4.8
C00294,SME Business 0294,Services,Gazipur,5.3,31199804.08,37,15856240.45,0,0,5.3
C00295,SME Business 0295,Wholesale,Dhaka,6.5,12117450.75,10,6124552.56,3,0,6.5
C00296,SME Business 0296,Wholesale,Khulna,2.0,38254210.06,56,14987692.87,3,0,2.0
C00297,SME Business 0297,Retail,Chattogram,6.8,6027543.47,5,2197315.57,4,0,5.6
C00298,SME Business 0298,Retail,Dhaka,3.9,16352415.91,21,6808662.34,3,0,3.9
C00299,SME Business 0299,Services,Bogura,0.8,16365890.28,16,1723258.84,1,0,0.8
C00300,SME Business 0300,Manufacturing,Chattogram,13.9,13491968.93,12,5982008.86,1,0,7.4
C00301,SME Business 0301,Construction,Gazipur,5.9,4614942.16,4,2220537.52,3,0,5.6
C00302,SME Business 0302,Transport,Chattogram,5.8,8331471.73,8,992258.19,0,0,3.0
C00303,SME Business 0303,Services,Gazipur,2.0,7037631.46,7,718169.32,0,0,0.4
C00304,SME Business 0304,Services,Khulna,7.5,14154075.81,13,2667551.76,0,0,0.5
C00305,SME Business 0305,Wholesale,Narayanganj,5.7,7157023.4,10,1511726.86,0,0,4.2
C00306,SME Business 0306,Food & Beverage,Khulna,7.6,55246073.47,60,29181821.96,2,0,7.3
C00307,SME Business 0307,Wholesale,Khulna,5.7,4759789.17,6,205819.85,4,0,4.1
C00308,SME Business 0308,Retail,Khulna,7.6,30239542.51,57,9223354.8,2,0,6.2
C00309,SME Business 0309,Construction,Chattogram,4.9,31681509.43,35,4456073.57,0,0,4.9
C00310,SME Business 0310,Retail,Gazipur,7.7,20599157.39,20,6805389.92,2,0,7.4
C00311,SME Business 0311,Transport,Dhaka,3.4,23874395.42,31,8837901.94,1,0,1.1
C00312,SME Business 0312,Transport,Gazipur,5.8,2402788.19,2,1060492.37,2,0,5.8
C00313,SME Business 0313,Services,Narayanganj,6.5,30640106.63,30,15285723.51,1,0,5.2
C00314,SME Business 0314,Retail,Narayanganj,2.8,6961730.06,6,3283800.02,3,0,2.8
C00315,SME Business 0315,Services,Gazipur,3.3,11669658.74,21,4287440.55,0,0,3.3
C00316,SME Business 0316,Wholesale,Dhaka,6.7,15917481.59,22,2987020.07,1,1,2.0
C00317,SME Business 0317,Agriculture,Dhaka,4.6,33473311.53,46,6088797.11,2,0,4.6
C00318,SME Business 0318,Food & Beverage,Bogura,2.1,2888083.27,6,948452.21,1,0,2.1
C00319,SME Business 0319,Services,Narayanganj,10.0,2042469.34,2,355858.52,1,0,3.2
C00320,SME Business 0320,Agriculture,Narayanganj,12.8,14647274.38,17,3756979.52,0,0,5.3
C00321,SME Business 0321,Agriculture,Khulna,5.1,5390566.08,10,1163287.66,0,0,5.1
C00322,SME Business 0322,Wholesale,Dhaka,4.8,33841749.18,34,10028245.64,3,0,2.1
C00323,SME Business 0323,Retail,Narayanganj,7.3,46706907.69,55,10250029.58,4,0,2.8
C00324,SME Business 0324,Wholesale,Cumilla,5.1,12037390.39,20,732556.57,2,0,1.5
C00325,SME Business 0325,Agriculture,Dhaka,1.9,60759819.98,74,16634322.89,0,0,1.9
C00326,SME Business 0326,Retail,Dhaka,6.1,14607093.47,16,724999.16,0,0,6.1
C00327,SME Business 0327,Services,Chattogram,0.7,16677564.05,32,4304108.73,5,0,0.7
C00328,SME Business 0328,Services,Bogura,10.6,3070907.9,4,1240090.97,1,0,4.7
C00329,SME Business 0329,Wholesale,Dhaka,1.8,34565050.12,45,3431183.78,0,0,1.8
C00330,SME Business 0330,Transport,Dhaka,5.3,11647942.99,12,5341589.91,4,0,5.2
C00331,SME Business 0331,Wholesale,Narayanganj,1.1,1631737.46,2,362336.02,2,0,1.1
C00332,SME Business 0332,Retail,Chattogram,2.0,10182258.55,10,4463840.19,2,0,0.1
C00333,SME Business 0333,Agriculture,Chattogram,3.6,2829532.55,4,1338758.72,1,0,2.2
C00334,SME Business 0334,Transport,Chattogram,4.4,11522628.31,13,1780270.87,1,0,4.4
C00335,SME Business 0335,Food & Beverage,Sylhet,7.4,9261970.57,16,1237981.06,1,0,4.4
C00336,SME Business 0336,Agriculture,Chattogram,2.3,10850619.88,17,677307.2,0,0,2.3
C00337,SME Business 0337,Services,Chattogram,8.4,17279926.7,28,6361581.48,3,0,0.3
C00338,SME Business 0338,Services,Chattogram,2.9,8421807.58,9,2479410.74,2,0,0.7
C00339,SME Business 0339,Food & Beverage,Dhaka,6.6,52402546.23,81,12355543.19,0,0,2.4
C00340,SME Business 0340,Transport,Khulna,11.2,17909621.76,17,9482366.09,1,0,4.7
C00341,SME Business 0341,Retail,Dhaka,1.4,6748900.48,5,1982470.86,0,0,1.4
C00342,SME Business 0342,Agriculture,Dhaka,3.9,11978141.64,11,5780094.46,0,0,2.0
C00343,SME Business 0343,Retail,Chattogram,1.8,25702905.04,28,10925005.21,2,1,1.8
C00344,SME Business 0344,Wholesale,Chattogram,3.3,13505535.69,12,3693894.21,2,0,3.1
C00345,SME Business 0345,Retail,Chattogram,4.9,14296595.05,15,2253735.37,2,0,3.8
C00346,SME Business 0346,Wholesale,Chattogram,5.3,19128621.15,17,3217503.93,0,0,4.6
C00347,SME Business 0347,Retail,Dhaka,3.2,10229362.04,18,5404667.05,0,0,1.4
C00348,SME Business 0348,Construction,Narayanganj,12.8,53685194.59,79,17068315.35,2,0,5.5
C00349,SME Business 0349,Food & Beverage,Dhaka,5.0,10751078.43,14,3407936.17,4,0,0.2
C00350,SME Business 0350,Food & Beverage,Dhaka,6.2,6286533.49,7,2579734.76,4,0,2.3
C00351,SME Business 0351,Retail,Chattogram,2.3,6308059.87,7,2964267.15,0,0,1.8
C00352,SME Business 0352,Manufacturing,Dhaka,3.1,6579754.2,5,1398048.84,2,0,3.1
C00353,SME Business 0353,Retail,Dhaka,8.7,40763059.37,86,9392487.01,3,0,2.1
C00354,SME Business 0354,Services,Dhaka,3.0,14838295.25,13,521459.02,2,0,2.6
C00355,SME Business 0355,Construction,Gazipur,5.7,1500000.0,2,170744.13,2,0,5.1
C00356,SME Business 0356,Services,Narayanganj,7.1,7394821.14,7,1879659.73,1,0,2.4
C00357,SME Business 0357,Food & Beverage,Dhaka,5.0,11601769.95,15,2033198.41,0,1,3.0
C00358,SME Business 0358,Services,Gazipur,4.2,21146562.56,28,3370329.54,1,0,4.2
C00359,SME Business 0359,Transport,Cumilla,7.9,76530350.66,100,36148764.63,0,0,5.1
C00360,SME Business 0360,Manufacturing,Chattogram,6.8,12775744.49,24,2078274.06,2,0,1.9
C00361,SME Business 0361,Wholesale,Dhaka,3.8,9309322.03,13,4348193.84,4,1,3.8
C00362,SME Business 0362,Wholesale,Dhaka,2.5,2422511.81,3,995502.34,0,0,2.5
C00363,SME Business 0363,Construction,Narayanganj,5.0,8005821.23,8,339114.86,4,0,2.0
C00364,SME Business 0364,Retail,Chattogram,15.2,7545846.66,8,1448743.31,0,0,1.0
C00365,SME Business 0365,Retail,Bogura,1.1,10974799.07,15,739968.68,0,0,1.1
C00366,SME Business 0366,Construction,Khulna,6.9,24306924.55,23,2107132.11,0,0,6.3
C00367,SME Business 0367,Transport,Sylhet,4.7,18446402.83,33,9154791.33,1,0,2.4
C00368,SME Business 0368,Retail,Chattogram,2.5,19154714.25,17,9666833.03,2,1,1.2
C00369,SME Business 0369,Manufacturing,Dhaka,7.1,3063789.0,3,936437.78,1,0,4.0
C00370,SME Business 0370,Services,Narayanganj,3.6,3645840.08,7,1686756.95,0,0,1.6
C00371,SME Business 0371,Retail,Narayanganj,6.1,19502596.06,19,3035528.78,1,0,0.6
C00372,SME Business 0372,Retail,Khulna,5.2,2816657.77,2,677280.0,1,0,5.2
C00373,SME Business 0373,Retail,Dhaka,1.4,12703357.91,15,1928933.83,2,0,1.4
C00374,SME Business 0374,Retail,Gazipur,7.1,10025123.11,9,1086812.96,0,0,2.7
C00375,SME Business 0375,Construction,Dhaka,4.7,7987997.58,7,1982714.29,2,0,4.5
C00376,SME Business 0376,Transport,Dhaka,4.3,7940036.48,12,3759859.97,0,0,4.3
C00377,SME Business 0377,Services,Dhaka,5.9,9399078.38,12,3087996.94,0,0,0.7
C00378,SME Business 0378,Construction,Gazipur,8.9,20111782.64,18,7752798.65,2,0,4.8
C00379,SME Business 0379,Agriculture,Dhaka,6.2,3568802.72,4,1712848.58,3,0,5.2
C00380,SME Business 0380,Retail,Chattogram,10.0,8917498.02,10,885306.11,1,0,0.4
C00381,SME Business 0381,Wholesale,Sylhet,4.7,12106854.72,18,2772359.24,0,0,4.6
C00382,SME Business 0382,Wholesale,Dhaka,1.6,18992806.88,34,6009836.41,1,0,1.6
C00383,SME Business 0383,Agriculture,Chattogram,3.0,21789141.18,19,1470443.76,2,0,2.8
C00384,SME Business 0384,Services,Dhaka,0.8,43219946.1,77,1892389.75,3,0,0.8
C00385,SME Business 0385,Food & Beverage,Sylhet,13.9,4280989.58,9,559846.66,1,0,4.2
C00386,SME Business 0386,Wholesale,Dhaka,8.8,17195245.38,35,1896109.61,1,0,4.9
C00387,SME Business 0387,Services,Dhaka,0.5,1500000.0,2,717104.41,0,0,0.5
C00388,SME Business 0388,Wholesale,Dhaka,3.5,12698366.41,15,3336276.33,4,1,2.0
C00389,SME Business 0389,Manufacturing,Narayanganj,4.2,8500803.71,9,1234219.16,5,0,4.2
C00390,SME Business 0390,Food & Beverage,Chattogram,15.5,8224058.02,7,3027882.96,0,0,7.7
C00391,SME Business 0391,Services,Chattogram,2.8,29245048.11,34,3789612.98,0,0,2.8
C00392,SME Business 0392,Manufacturing,Cumilla,8.3,6577845.08,5,544285.53,1,0,5.8
C00393,SME Business 0393,Food & Beverage,Sylhet,4.4,3421412.49,3,1760735.9,0,0,0.9
C00394,SME Business 0394,Transport,Dhaka,6.7,13626561.27,21,5236827.56,1,0,3.8
C00395,SME Business 0395,Services,Narayanganj,8.4,32936504.79,59,4032340.85,0,0,0.1
C00396,SME Business 0396,Wholesale,Dhaka,9.1,17946886.48,15,9734079.83,3,0,2.6
C00397,SME Business 0397,Manufacturing,Gazipur,4.3,20878616.73,30,7184281.57,3,0,4.2
C00398,SME Business 0398,Transport,Cumilla,5.5,6753927.12,7,1982596.0,2,0,2.3
C00399,SME Business 0399,Manufacturing,Gazipur,11.8,8958889.07,18,2633858.87,0,0,3.6
C00400,SME Business 0400,Retail,Sylhet,10.1,16703678.3,21,4325743.27,0,0,5.7
C00401,SME Business 0401,Wholesale,Dhaka,3.0,17257147.71,32,4455470.44,1,0,3.0
C00402,SME Business 0402,Services,Bogura,4.1,47866501.37,50,4764993.38,3,0,4.1
C00403,SME Business 0403,Manufacturing,Gazipur,9.8,14788705.66,26,1885728.62,2,0,3.7
C00404,SME Business 0404,Services,Cumilla,0.5,4736171.99,5,1124273.57,0,0,0.5
C00405,SME Business 0405,Services,Narayanganj,5.9,15133867.43,13,5652623.1,3,0,5.9
C00406,SME Business 0406,Wholesale,Dhaka,2.4,20287845.78,22,8871327.53,0,0,2.4
C00407,SME Business 0407,Retail,Khulna,3.4,9930034.9,12,3095685.14,1,0,3.4
C00408,SME Business 0408,Services,Dhaka,5.6,14416228.15,14,5094099.03,5,0,5.5
C00409,SME Business 0409,Construction,Khulna,3.3,6828342.72,5,1417169.76,0,0,3.3
C00410,SME Business 0410,Wholesale,Chattogram,2.4,14765770.86,13,6552592.94,5,0,2.4
C00411,SME Business 0411,Services,Narayanganj,3.3,6798437.26,9,158060.74,2,0,3.3
C00412,SME Business 0412,Retail,Chattogram,2.4,5832103.11,5,2580967.04,2,0,2.4
C00413,SME Business 0413,Services,Cumilla,3.7,7370389.93,6,1316736.27,2,0,3.7
C00414,SME Business 0414,Agriculture,Dhaka,10.7,38425300.38,51,12889831.93,3,0,5.6
C00415,SME Business 0415,Retail,Dhaka,4.4,5970950.04,5,803416.02,1,0,4.4
C00416,SME Business 0416,Construction,Sylhet,4.7,11408288.32,19,5812836.48,2,0,4.7
C00417,SME Business 0417,Food & Beverage,Dhaka,11.6,16151755.68,16,4255426.47,2,0,0.0
C00418,SME Business 0418,Agriculture,Khulna,6.4,11407473.54,13,4212342.75,1,0,2.5
C00419,SME Business 0419,Manufacturing,Cumilla,2.5,7486085.57,13,742170.4,0,1,2.5
C00420,SME Business 0420,Retail,Narayanganj,3.8,2048235.74,3,306738.23,0,0,2.7
C00421,SME Business 0421,Retail,Gazipur,5.0,10530789.81,11,3518977.13,3,0,4.9
C00422,SME Business 0422,Food & Beverage,Dhaka,8.4,76722474.45,75,20470978.8,0,0,7.4
C00423,SME Business 0423,Wholesale,Gazipur,7.9,11237218.96,18,5353197.91,2,0,3.1
C00424,SME Business 0424,Agriculture,Chattogram,10.4,11185944.92,13,2307253.66,1,0,6.1
C00425,SME Business 0425,Retail,Chattogram,1.7,22801306.77,24,10032310.44,1,0,1.7
C00426,SME Business 0426,Services,Chattogram,3.8,22196467.11,28,9706141.91,2,0,3.8
C00427,SME Business 0427,Construction,Dhaka,6.2,15411726.86,17,7022695.76,0,0,0.6
C00428,SME Business 0428,Food & Beverage,Dhaka,9.9,11709818.82,22,5304873.49,4,0,5.1
C00429,SME Business 0429,Retail,Dhaka,2.2,8205538.44,13,3127983.24,1,0,2.2
C00430,SME Business 0430,Construction,Dhaka,4.6,9351614.97,20,5076089.09,1,0,2.4
C00431,SME Business 0431,Services,Dhaka,1.2,24899823.65,22,11922289.73,0,0,1.2
C00432,SME Business 0432,Wholesale,Dhaka,4.1,18842383.49,31,4217592.08,4,0,1.2
C00433,SME Business 0433,Agriculture,Khulna,2.0,11593894.63,9,752114.79,2,0,2.0
C00434,SME Business 0434,Services,Bogura,4.5,12373471.05,15,2577552.8,0,0,4.5
C00435,SME Business 0435,Manufacturing,Bogura,5.3,13346466.33,11,4285807.61,2,0,3.9
C00436,SME Business 0436,Retail,Chattogram,8.8,11352491.36,10,759215.64,1,0,7.7
C00437,SME Business 0437,Services,Dhaka,10.7,4443632.05,4,1193117.29,1,0,5.9
C00438,SME Business 0438,Construction,Gazipur,10.7,45469670.77,52,2389495.51,1,0,0.4
C00439,SME Business 0439,Transport,Khulna,6.9,3502787.05,3,585875.68,0,0,6.9
C00440,SME Business 0440,Retail,Dhaka,2.4,4785388.53,4,758311.19,2,0,2.4
C00441,SME Business 0441,Manufacturing,Cumilla,1.6,4777051.53,4,697985.23,1,0,1.6
C00442,SME Business 0442,Manufacturing,Sylhet,7.1,6123936.6,8,1100621.93,3,0,4.3
C00443,SME Business 0443,Agriculture,Dhaka,5.0,37157489.8,38,19683594.73,2,1,5.0
C00444,SME Business 0444,Construction,Chattogram,4.6,26328795.85,40,1897955.95,2,0,4.6
C00445,SME Business 0445,Agriculture,Sylhet,6.3,5581188.38,9,1731478.05,2,0,0.1
C00446,SME Business 0446,Retail,Dhaka,4.7,8111633.8,17,557503.5,4,0,4.7
C00447,SME Business 0447,Services,Khulna,8.3,21807849.93,23,10837313.41,2,0,7.2
C00448,SME Business 0448,Manufacturing,Chattogram,4.9,164469728.56,250,40509091.74,4,0,2.6
C00449,SME Business 0449,Retail,Dhaka,10.0,9256184.39,7,1483510.63,1,0,7.4
C00450,SME Business 0450,Retail,Chattogram,5.2,19810538.91,21,9978229.45,2,1,0.6
C00451,SME Business 0451,Manufacturing,Narayanganj,4.7,2889972.21,2,1075766.42,0,0,4.7
C00452,SME Business 0452,Services,Narayanganj,4.6,80939349.14,94,1760665.65,4,0,3.9
C00453,SME Business 0453,Construction,Narayanganj,3.9,8091396.26,6,550647.81,1,0,0.6
C00454,SME Business 0454,Transport,Gazipur,7.2,4031421.53,6,1567487.67,4,0,2.9
C00455,SME Business 0455,Services,Dhaka,8.9,2430427.55,2,678802.01,0,0,2.5
C00456,SME Business 0456,Food & Beverage,Narayanganj,4.8,18828338.63,19,9100778.37,0,0,4.8
C00457,SME Business 0457,Retail,Dhaka,7.3,16818962.3,29,781707.33,1,0,3.6
C00458,SME Business 0458,Services,Dhaka,5.2,1500000.0,2,675159.22,5,0,2.6
C00459,SME Business 0459,Services,Khulna,2.1,73528707.26,82,14545226.5,0,0,2.1
C00460,SME Business 0460,Services,Chattogram,4.7,44339798.17,42,1254110.08,1,1,1.4
C00461,SME Business 0461,Services,Dhaka,11.0,17085809.91,18,5078518.44,1,0,4.9
C00462,SME Business 0462,Retail,Dhaka,5.3,28161931.57,39,631450.26,0,0,4.2
C00463,SME Business 0463,Wholesale,Dhaka,9.6,2018897.97,2,336158.81,0,0,5.5
C00464,SME Business 0464,Wholesale,Khulna,2.4,6892994.68,9,3079317.49,3,0,2.4
C00465,SME Business 0465,Retail,Khulna,10.3,26511477.76,38,3322901.95,2,0,6.2
C00466,SME Business 0466,Retail,Dhaka,9.0,9506905.07,11,2630903.73,4,0,7.4
C00467,SME Business 0467,Wholesale,Gazipur,2.0,7296390.0,7,376606.17,0,0,2.0
C00468,SME Business 0468,Manufacturing,Dhaka,10.4,14597223.03,12,6906707.19,0,0,3.9
C00469,SME Business 0469,Services,Khulna,8.8,6929150.23,7,3413756.68,2,0,4.6
C00470,SME Business 0470,Construction,Dhaka,1.0,13092723.43,12,5960912.73,1,0,1.0
C00471,SME Business 0471,Agriculture,Dhaka,3.4,3810260.96,5,1496485.24,3,0,0.2
C00472,SME Business 0472,Transport,Gazipur,10.4,10411257.41,9,598337.61,4,0,0.3
C00473,SME Business 0473,Manufacturing,Gazipur,10.6,17264095.23,14,6518336.63,4,0,2.9
C00474,SME Business 0474,Wholesale,Chattogram,2.4,7806503.43,9,4041804.69,2,0,1.7
C00475,SME Business 0475,Manufacturing,Sylhet,3.9,17261421.37,34,3503552.22,1,0,1.0
C00476,SME Business 0476,Agriculture,Sylhet,5.6,28972231.23,24,12998733.84,4,0,5.6
C00477,SME Business 0477,Retail,Gazipur,3.2,11496947.12,13,4052172.41,1,0,3.2
C00478,SME Business 0478,Manufacturing,Dhaka,4.7,8675247.44,7,1241721.77,4,0,3.3
C00479,SME Business 0479,Services,Dhaka,3.6,73753062.87,94,13361373.28,0,0,1.4
C00480,SME Business 0480,Wholesale,Dhaka,1.1,11109641.13,9,4413421.05,1,0,1.1
C00481,SME Business 0481,Agriculture,Chattogram,2.2,4507783.99,8,712301.16,0,0,0.3
C00482,SME Business 0482,Manufacturing,Dhaka,4.0,5932705.26,5,1390733.11,1,0,3.7
C00483,SME Business 0483,Retail,Dhaka,9.0,5205111.52,6,903651.12,4,0,4.6
C00484,SME Business 0484,Services,Dhaka,7.9,13360512.02,17,6221519.7,1,1,0.4
C00485,SME Business 0485,Services,Chattogram,2.8,13275415.94,13,880289.87,1,0,2.5
C00486,SME Business 0486,Construction,Chattogram,2.2,8862154.2,13,1827537.2,5,0,0.7
C00487,SME Business 0487,Wholesale,Sylhet,3.3,39461380.68,35,3708220.43,2,0,1.7
C00488,SME Business 0488,Food & Beverage,Gazipur,1.6,33684182.91,38,13353451.4,3,0,1.5
C00489,SME Business 0489,Services,Gazipur,1.1,24186973.67,27,6424773.05,0,1,1.1
C00490,SME Business 0490,Food & Beverage,Khulna,5.0,32051939.75,39,12325794.22,0,0,2.2
C00491,SME Business 0491,Retail,Khulna,9.2,24809082.24,26,6755552.25,2,0,4.1
C00492,SME Business 0492,Food & Beverage,Narayanganj,2.3,1500000.0,2,159830.54,0,0,2.3
C00493,SME Business 0493,Manufacturing,Dhaka,5.6,13085189.63,22,917135.52,3,0,5.6
C00494,SME Business 0494,Agriculture,Bogura,3.4,16259275.02,18,7420031.58,0,0,3.0
C00495,SME Business 0495,Manufacturing,Narayanganj,2.2,32009327.99,37,9667159.44,2,0,0.9
C00496,SME Business 0496,Retail,Gazipur,11.4,11490526.95,15,5205559.31,4,0,6.1
C00497,SME Business 0497,Agriculture,Dhaka,0.9,6114232.49,11,544262.53,0,0,0.9
C00498,SME Business 0498,Transport,Dhaka,1.8,12253360.84,22,1888201.36,0,0,1.8
C00499,SME Business 0499,Construction,Bogura,2.6,5906652.47,11,2766124.37,4,0,2.6
C00500,SME Business 0500,Services,Dhaka,8.8,13444773.75,15,368543.9,0,0,2.3
C00501,SME Business 0501,Services,Cumilla,2.7,19357780.53,21,4897961.56,4,0,2.7
C00502,SME Business 0502,Retail,Dhaka,2.8,43822880.99,50,1819637.26,1,0,2.3
C00503,SME Business 0503,Manufacturing,Chattogram,5.9,22730185.31,45,10586831.25,1,0,1.4
C00504,SME Business 0504,Wholesale,Khulna,1.8,15449555.86,27,3589408.79,2,0,1.8
C00505,SME Business 0505,Retail,Khulna,6.4,18917040.48,19,6212675.24,0,0,5.2
C00506,SME Business 0506,Wholesale,Gazipur,6.5,11630484.38,11,898564.64,0,0,5.0
C00507,SME Business 0507,Retail,Dhaka,7.7,7038582.58,12,2460986.79,0,0,6.0
C00508,SME Business 0508,Transport,Sylhet,2.6,11771145.92,16,5598666.88,2,0,0.3
C00509,SME Business 0509,Construction,Gazipur,4.1,8595014.58,18,2707715.56,3,0,4.1
C00510,SME Business 0510,Retail,Narayanganj,8.5,2079573.68,2,796993.09,2,0,6.8
C00511,SME Business 0511,Wholesale,Narayanganj,5.2,15617112.88,13,2965000.63,0,0,5.2
C00512,SME Business 0512,Transport,Dhaka,0.8,9285576.31,13,1944437.03,1,0,0.8
C00513,SME Business 0513,Services,Chattogram,3.5,4244498.45,5,2027110.14,2,0,2.1
C00514,SME Business 0514,Services,Chattogram,4.2,19776516.42,20,3916991.33,1,0,2.7
C00515,SME Business 0515,Wholesale,Chattogram,4.6,34960802.08,52,1579935.33,5,0,1.8
C00516,SME Business 0516,Retail,Sylhet,3.7,27712513.58,45,12240490.52,2,0,3.7
C00517,SME Business 0517,Services,Gazipur,2.6,16746277.65,16,1937853.31,0,0,2.6
C00518,SME Business 0518,Retail,Narayanganj,4.9,13580655.63,13,3393452.43,2,0,4.2
C00519,SME Business 0519,Retail,Dhaka,2.2,7164130.46,10,3295597.6,0,0,2.2
C00520,SME Business 0520,Services,Bogura,3.1,10278515.66,17,1543431.19,3,0,3.1
C00521,SME Business 0521,Services,Gazipur,1.0,5871017.04,5,2166965.84,0,0,1.0
C00522,SME Business 0522,Retail,Narayanganj,6.5,32134798.61,44,11839687.99,0,0,5.8
C00523,SME Business 0523,Retail,Dhaka,8.9,14470745.62,12,7433976.29,0,0,1.9
C00524,SME Business 0524,Transport,Dhaka,3.7,6341775.98,10,1548157.96,0,0,3.7
C00525,SME Business 0525,Manufacturing,Gazipur,6.4,7542169.44,7,4001551.77,3,0,2.9
C00526,SME Business 0526,Food & Beverage,Sylhet,0.7,31760877.06,33,16472765.76,2,0,0.7
C00527,SME Business 0527,Manufacturing,Narayanganj,13.8,1978057.93,2,1064860.21,0,1,6.6
C00528,SME Business 0528,Retail,Dhaka,15.5,58791919.14,57,13835682.97,0,0,6.6
C00529,SME Business 0529,Wholesale,Khulna,4.4,21567491.36,30,7313998.93,3,0,3.6
C00530,SME Business 0530,Retail,Dhaka,7.1,19611597.03,26,6922835.4,1,0,1.3
C00531,SME Business 0531,Construction,Narayanganj,11.9,60033764.09,57,11363283.23,1,0,2.1
C00532,SME Business 0532,Food & Beverage,Chattogram,4.4,24719309.87,21,12588297.34,2,0,4.4
C00533,SME Business 0533,Retail,Khulna,8.2,9320497.83,14,626360.49,1,0,0.9
C00534,SME Business 0534,Wholesale,Sylhet,7.7,17630531.74,16,7660900.28,1,0,1.0
C00535,SME Business 0535,Services,Cumilla,7.7,10264821.8,15,1629578.6,2,0,3.0
C00536,SME Business 0536,Wholesale,Chattogram,3.6,31043362.67,31,12731975.01,0,0,0.5
C00537,SME Business 0537,Manufacturing,Dhaka,17.1,21197277.69,43,3273668.31,2,0,3.2
C00538,SME Business 0538,Construction,Dhaka,6.0,5933081.89,5,2879237.3,0,0,4.2
C00539,SME Business 0539,Retail,Dhaka,1.1,23940220.68,36,4450378.51,4,0,1.1
C00540,SME Business 0540,Retail,Sylhet,13.0,6169376.19,12,974259.87,2,0,8.0
C00541,SME Business 0541,Retail,Khulna,3.9,11499913.0,10,5513587.63,0,1,3.9
C00542,SME Business 0542,Retail,Dhaka,5.4,47496246.84,53,25408710.85,1,0,3.3
C00543,SME Business 0543,Transport,Dhaka,7.7,18535640.05,20,9715391.24,3,0,0.6
C00544,SME Business 0544,Services,Bogura,4.8,31780491.89,31,13004239.34,4,0,1.7
C00545,SME Business 0545,Services,Dhaka,3.6,8999731.31,15,4783142.41,3,1,3.6
C00546,SME Business 0546,Transport,Dhaka,3.3,15492758.31,18,3860020.15,3,0,3.3
C00547,SME Business 0547,Agriculture,Dhaka,12.0,10515523.35,13,3348355.58,1,0,6.5
C00548,SME Business 0548,Wholesale,Chattogram,4.5,7804899.49,12,2994781.8,0,0,4.5
C00549,SME Business 0549,Manufacturing,Narayanganj,4.6,11548565.01,21,5757409.1,3,0,2.4
C00550,SME Business 0550,Retail,Dhaka,1.1,10633304.55,11,3416411.12,0,0,0.7
C00551,SME Business 0551,Retail,Narayanganj,7.4,5593065.87,10,2710849.04,1,0,3.6
C00552,SME Business 0552,Services,Chattogram,3.1,23361950.54,39,9716831.88,2,0,0.9
C00553,SME Business 0553,Retail,Narayanganj,1.9,10768775.98,9,5727653.69,2,0,1.9
C00554,SME Business 0554,Wholesale,Khulna,7.7,9634378.46,17,263541.07,0,1,7.7
C00555,SME Business 0555,Retail,Cumilla,7.2,9341912.64,8,1132096.51,1,0,3.8
C00556,SME Business 0556,Retail,Dhaka,2.2,43152833.73,39,14247767.78,0,0,2.2
C00557,SME Business 0557,Retail,Dhaka,6.9,28226972.46,32,4914612.34,1,0,4.7
C00558,SME Business 0558,Agriculture,Chattogram,11.4,23274758.13,30,4361703.16,0,0,3.3
C00559,SME Business 0559,Wholesale,Gazipur,3.3,8920754.12,14,4476498.48,1,0,3.3
C00560,SME Business 0560,Retail,Chattogram,3.4,31061291.84,29,13787181.24,3,0,2.3
C00561,SME Business 0561,Agriculture,Sylhet,2.0,14245137.16,18,7787768.54,1,0,0.4
C00562,SME Business 0562,Food & Beverage,Dhaka,3.9,9210725.66,17,1278178.74,0,0,2.8
C00563,SME Business 0563,Food & Beverage,Dhaka,3.1,21264188.98,22,8386481.44,4,0,3.1
C00564,SME Business 0564,Retail,Bogura,1.8,2534792.29,2,1274550.49,0,0,1.8
C00565,SME Business 0565,Agriculture,Narayanganj,1.7,9072020.55,8,2292748.93,1,0,1.7
C00566,SME Business 0566,Manufacturing,Bogura,5.3,5618972.26,7,2092772.09,0,0,3.4
C00567,SME Business 0567,Transport,Dhaka,4.4,7983989.2,7,1690533.19,0,0,0.1
C00568,SME Business 0568,Construction,Bogura,1.6,23019943.19,20,1165711.73,2,0,1.6
C00569,SME Business 0569,Manufacturing,Narayanganj,4.3,13427149.04,13,6738983.41,0,0,4.2
C00570,SME Business 0570,Agriculture,Khulna,4.7,16296820.97,17,6350212.93,4,0,3.2
C00571,SME Business 0571,Manufacturing,Dhaka,1.0,42419847.98,77,23149346.88,1,1,1.0
C00572,SME Business 0572,Transport,Narayanganj,10.6,2258749.97,2,1226695.47,0,1,3.0
C00573,SME Business 0573,Manufacturing,Chattogram,1.1,5504015.27,5,1431968.62,5,0,1.1
C00574,SME Business 0574,Food & Beverage,Narayanganj,6.9,14870370.05,22,6482563.98,2,0,5.7
C00575,SME Business 0575,Manufacturing,Narayanganj,3.7,25076787.74,47,9959733.32,3,0,0.5
C00576,SME Business 0576,Wholesale,Cumilla,4.7,13169289.87,15,3018858.37,0,0,3.4
C00577,SME Business 0577,Construction,Gazipur,5.2,20837291.89,38,8270525.37,0,0,5.2
C00578,SME Business 0578,Retail,Dhaka,5.0,33503901.43,28,11352733.79,1,0,4.6
C00579,SME Business 0579,Retail,Dhaka,4.0,6867799.65,6,654735.48,2,0,4.0
C00580,SME Business 0580,Retail,Cumilla,11.5,5152083.1,4,1243274.07,2,0,7.2
C00581,SME Business 0581,Wholesale,Bogura,8.6,25950976.72,32,6707356.33,1,0,2.6
C00582,SME Business 0582,Agriculture,Bogura,4.4,8607186.25,7,4232350.39,2,0,4.4
C00583,SME Business 0583,Services,Sylhet,10.6,13283150.92,15,1620360.69,2,0,0.4
C00584,SME Business 0584,Retail,Narayanganj,5.0,20883438.07,21,10242440.69,1,0,4.9
C00585,SME Business 0585,Retail,Gazipur,4.6,25872556.77,40,2089510.4,0,0,1.2
C00586,SME Business 0586,Retail,Dhaka,3.5,3433784.65,4,118124.71,0,0,2.6
C00587,SME Business 0587,Manufacturing,Gazipur,4.1,6000279.89,5,1983664.99,1,0,3.1
C00588,SME Business 0588,Retail,Dhaka,4.9,11541527.81,18,5651454.81,0,0,4.9
C00589,SME Business 0589,Services,Dhaka,10.3,10344639.68,11,1322377.64,5,0,7.9
C00590,SME Business 0590,Services,Bogura,4.5,8871297.41,13,4747948.15,0,0,3.9
C00591,SME Business 0591,Food & Beverage,Chattogram,4.1,19098782.45,22,842388.22,2,0,2.4
C00592,SME Business 0592,Retail,Gazipur,2.1,6812493.3,7,3593120.85,1,0,2.1
C00593,SME Business 0593,Transport,Dhaka,4.8,34978487.23,44,11813712.76,0,0,4.8
C00594,SME Business 0594,Wholesale,Dhaka,4.4,41801825.4,48,18278758.37,2,0,0.2
C00595,SME Business 0595,Agriculture,Bogura,7.6,9329598.89,9,3633188.11,0,0,7.5
C00596,SME Business 0596,Manufacturing,Gazipur,0.7,31242473.11,60,10782547.15,1,0,0.7
C00597,SME Business 0597,Wholesale,Narayanganj,3.3,17575242.27,29,8000170.13,1,0,3.3
C00598,SME Business 0598,Services,Narayanganj,7.4,22120097.78,44,1945918.04,0,0,4.6
C00599,SME Business 0599,Services,Dhaka,7.7,21920575.77,34,6945785.82,1,0,5.1
C00600,SME Business 0600,Retail,Khulna,7.8,5189567.46,4,721404.62,0,0,3.6
C00601,SME Business 0601,Retail,Dhaka,1.5,40240479.33,79,6136335.3,0,0,1.5
C00602,SME Business 0602,Wholesale,Dhaka,11.0,15824482.21,24,1220946.57,0,0,0.4
C00603,SME Business 0603,Transport,Dhaka,6.8,18522827.43,36,966226.27,0,0,6.8
C00604,SME Business 0604,Retail,Dhaka,3.4,13564547.25,18,960234.75,3,0,3.4
C00605,SME Business 0605,Retail,Chattogram,4.1,51414579.62,72,26577223.04,3,0,2.6
C00606,SME Business 0606,Retail,Dhaka,6.4,20252183.13,23,7246287.42,0,0,5.8
C00607,SME Business 0607,Manufacturing,Gazipur,3.5,1500000.0,2,147190.2,1,0,3.0
C00608,SME Business 0608,Services,Dhaka,5.4,29664434.82,49,3743565.91,4,0,2.7
C00609,SME Business 0609,Agriculture,Chattogram,3.7,10416400.55,13,4565210.82,0,0,0.0
C00610,SME Business 0610,Manufacturing,Dhaka,6.8,4663054.19,7,548606.42,5,0,0.6
C00611,SME Business 0611,Retail,Dhaka,3.3,20446411.37,42,730618.85,0,0,3.3
C00612,SME Business 0612,Manufacturing,Sylhet,5.9,18202135.17,17,1434575.35,4,0,1.9
C00613,SME Business 0613,Agriculture,Bogura,21.9,20427863.11,27,4460532.38,2,0,2.0
C00614,SME Business 0614,Services,Dhaka,2.5,22488313.83,45,9932510.67,3,0,2.5
C00615,SME Business 0615,Retail,Cumilla,1.5,15484898.65,18,6475680.25,2,0,1.5
C00616,SME Business 0616,Manufacturing,Gazipur,4.1,22361574.46,34,5199097.76,4,0,0.3
C00617,SME Business 0617,Retail,Dhaka,3.5,60243926.54,82,18783607.25,0,0,3.5
C00618,SME Business 0618,Services,Dhaka,4.9,9801406.0,12,4375223.81,1,0,1.4
C00619,SME Business 0619,Services,Dhaka,3.9,33458503.23,35,14605066.5,4,0,0.6
C00620,SME Business 0620,Retail,Dhaka,2.6,2522167.24,2,417333.47,2,0,2.6
C00621,SME Business 0621,Agriculture,Sylhet,3.4,23984329.49,31,7851881.95,2,0,3.4
C00622,SME Business 0622,Retail,Sylhet,4.3,23954363.94,28,10457674.35,3,0,3.7
C00623,SME Business 0623,Manufacturing,Bogura,2.5,17289145.21,21,5462969.0,1,0,1.0
C00624,SME Business 0624,Retail,Khulna,11.1,8026826.37,8,1876554.98,3,0,2.6
C00625,SME Business 0625,Transport,Dhaka,6.9,39123868.8,33,5016792.97,1,0,1.5
C00626,SME Business 0626,Services,Dhaka,4.8,12995595.25,13,3625317.02,0,0,4.8
C00627,SME Business 0627,Manufacturing,Dhaka,7.4,3141145.72,5,1494069.93,1,0,0.9
C00628,SME Business 0628,Wholesale,Narayanganj,1.4,22149265.54,36,5516636.91,2,0,1.4
C00629,SME Business 0629,Services,Khulna,5.3,5592124.91,6,2809821.01,3,0,4.6
C00630,SME Business 0630,Manufacturing,Sylhet,8.2,5593741.03,5,631068.7,0,0,5.9
C00631,SME Business 0631,Construction,Gazipur,2.5,1500000.0,2,722078.98,0,0,2.3
C00632,SME Business 0632,Agriculture,Cumilla,8.6,3445493.44,3,1886468.58,0,1,6.1
C00633,SME Business 0633,Wholesale,Dhaka,3.0,11306552.52,11,4718904.51,1,0,3.0
C00634,SME Business 0634,Retail,Gazipur,1.9,4400813.17,5,247174.76,2,0,1.9
C00635,SME Business 0635,Food & Beverage,Dhaka,3.4,10098189.65,9,3827345.81,0,0,1.7
C00636,SME Business 0636,Agriculture,Dhaka,2.7,24778637.86,22,5625438.31,1,0,0.0
C00637,SME Business 0637,Transport,Sylhet,2.9,8943219.15,9,1224335.3,4,0,2.9
C00638,SME Business 0638,Retail,Dhaka,4.4,6748709.84,11,875801.92,2,0,1.0
C00639,SME Business 0639,Manufacturing,Dhaka,2.4,7738560.99,9,425532.87,3,0,2.4
C00640,SME Business 0640,Retail,Dhaka,3.4,22235964.44,19,7514190.28,5,0,3.4
C00641,SME Business 0641,Agriculture,Khulna,3.7,27271301.41,25,7514037.16,1,0,3.7
C00642,SME Business 0642,Services,Gazipur,2.9,62088832.07,91,25524348.84,3,0,0.5
C00643,SME Business 0643,Manufacturing,Dhaka,2.2,168553662.86,167,32734068.85,0,0,2.2
C00644,SME Business 0644,Construction,Narayanganj,7.2,8672933.19,10,4340933.07,2,0,5.5
C00645,SME Business 0645,Services,Sylhet,4.1,11026995.6,10,629553.32,0,0,1.1
C00646,SME Business 0646,Retail,Dhaka,6.4,27369109.36,53,11063804.42,1,0,2.0
C00647,SME Business 0647,Manufacturing,Dhaka,3.3,15744196.08,15,982571.11,5,0,1.3
C00648,SME Business 0648,Services,Gazipur,8.9,3868794.88,3,1633385.51,4,0,1.2
C00649,SME Business 0649,Manufacturing,Sylhet,4.9,7559417.01,15,698700.78,1,0,1.5
C00650,SME Business 0650,Services,Dhaka,8.7,35851048.92,43,12897623.59,2,0,0.3
C00651,SME Business 0651,Wholesale,Khulna,6.0,10592842.0,9,4266690.89,1,0,5.5
C00652,SME Business 0652,Services,Chattogram,2.9,41353117.63,43,16113649.77,2,0,2.9
C00653,SME Business 0653,Manufacturing,Chattogram,6.5,36454549.92,32,8412378.38,2,0,4.1
C00654,SME Business 0654,Wholesale,Dhaka,3.4,17449995.47,25,4155764.69,3,0,0.7
C00655,SME Business 0655,Transport,Chattogram,3.8,9678199.94,8,4381189.2,0,1,3.8
C00656,SME Business 0656,Services,Narayanganj,8.9,6470785.22,10,753533.91,4,0,6.5
C00657,SME Business 0657,Retail,Dhaka,2.4,8402228.02,9,4035017.56,0,0,2.4
C00658,SME Business 0658,Manufacturing,Dhaka,6.3,15881265.84,32,6645568.24,0,0,6.3
C00659,SME Business 0659,Services,Dhaka,0.5,39690960.68,56,9827895.42,1,0,0.5
C00660,SME Business 0660,Construction,Bogura,7.5,4403195.16,6,321847.16,1,0,5.8
C00661,SME Business 0661,Retail,Cumilla,6.5,4118932.45,3,886673.71,2,0,3.8
C00662,SME Business 0662,Retail,Gazipur,3.9,23332316.69,29,7969955.37,1,0,0.7
C00663,SME Business 0663,Construction,Gazipur,20.0,19466571.2,32,1866368.53,1,0,6.9
C00664,SME Business 0664,Retail,Narayanganj,10.6,20992113.81,18,2289568.11,1,0,5.3
C00665,SME Business 0665,Retail,Dhaka,9.4,4159846.96,4,436470.68,4,0,6.1
C00666,SME Business 0666,Manufacturing,Dhaka,5.0,6353318.96,7,2569724.6,0,0,5.0
C00667,SME Business 0667,Transport,Khulna,6.5,6361037.57,6,1413898.15,2,0,6.5
C00668,SME Business 0668,Manufacturing,Bogura,1.9,4950685.51,4,2602359.36,2,1,0.5
C00669,SME Business 0669,Food & Beverage,Narayanganj,4.0,29529213.45,32,4067206.96,1,0,3.7
C00670,SME Business 0670,Construction,Dhaka,12.2,10207539.6,18,3803695.43,3,0,4.8
C00671,SME Business 0671,Construction,Dhaka,1.9,21373160.36,19,6035000.97,2,0,1.9
C00672,SME Business 0672,Food & Beverage,Dhaka,2.7,54369245.9,111,26025411.08,0,0,2.7
C00673,SME Business 0673,Services,Khulna,12.8,13335335.23,13,7265978.49,3,0,4.2
C00674,SME Business 0674,Agriculture,Dhaka,2.6,10040984.5,9,3289460.16,3,0,2.6
C00675,SME Business 0675,Retail,Gazipur,2.1,8403691.0,13,3501336.8,2,1,2.1
C00676,SME Business 0676,Agriculture,Narayanganj,12.4,16371792.42,34,2417350.38,1,0,7.6
C00677,SME Business 0677,Wholesale,Chattogram,8.0,33949384.0,30,12380145.2,0,0,2.9
C00678,SME Business 0678,Retail,Dhaka,5.2,12175879.95,13,3938826.54,0,0,5.2
C00679,SME Business 0679,Wholesale,Dhaka,7.2,13471226.41,27,6758604.24,3,0,6.5
C00680,SME Business 0680,Services,Dhaka,5.7,11591153.6,13,4616606.21,3,0,5.7
C00681,SME Business 0681,Food & Beverage,Khulna,2.4,4207064.41,4,358500.83,0,0,1.3
C00682,SME Business 0682,Food & Beverage,Narayanganj,1.0,12170238.8,14,2972181.68,4,1,1.0
C00683,SME Business 0683,Services,Khulna,10.2,9924430.86,10,2947686.15,5,0,4.3
C00684,SME Business 0684,Retail,Dhaka,2.5,14510891.45,20,1278421.45,2,0,2.0
C00685,SME Business 0685,Food & Beverage,Gazipur,4.3,6431023.48,6,1955219.5,0,0,4.3
C00686,SME Business 0686,Retail,Chattogram,4.0,39171231.07,51,3970021.79,5,0,0.2
C00687,SME Business 0687,Retail,Chattogram,1.9,12941234.27,13,2747350.62,1,0,1.9
C00688,SME Business 0688,Retail,Dhaka,4.1,9846982.99,8,1114064.29,2,0,4.1
C00689,SME Business 0689,Services,Narayanganj,8.2,14532360.77,12,1605769.64,4,0,2.8
C00690,SME Business 0690,Construction,Sylhet,5.6,31800042.11,58,796071.39,1,0,1.0
C00691,SME Business 0691,Agriculture,Dhaka,1.2,4711242.64,4,551429.27,5,0,1.2
C00692,SME Business 0692,Wholesale,Dhaka,13.3,9840973.56,19,611337.81,2,0,1.3
C00693,SME Business 0693,Transport,Dhaka,5.9,9576335.64,9,2626000.28,1,0,5.9
C00694,SME Business 0694,Wholesale,Chattogram,6.7,42074493.3,43,17558696.46,0,0,6.7
C00695,SME Business 0695,Food & Beverage,Bogura,5.6,103577089.84,122,14426874.41,0,0,4.1
C00696,SME Business 0696,Wholesale,Khulna,4.1,5436733.54,5,448360.14,1,0,1.7
C00697,SME Business 0697,Services,Sylhet,2.7,10422612.69,12,2173577.03,2,0,2.7
C00698,SME Business 0698,Food & Beverage,Dhaka,2.5,3820781.28,7,1117918.03,0,0,2.5
C00699,SME Business 0699,Services,Dhaka,2.8,7191634.56,12,3237085.91,0,0,2.8
C00700,SME Business 0700,Manufacturing,Dhaka,4.6,23546256.55,39,973304.36,1,0,4.6
C00701,SME Business 0701,Retail,Dhaka,5.1,6652422.59,7,2953041.29,2,0,5.1
C00702,SME Business 0702,Services,Cumilla,4.2,4394388.54,4,638713.9,2,0,4.2
C00703,SME Business 0703,Wholesale,Sylhet,3.3,19898534.74,35,5789620.22,0,0,3.3
C00704,SME Business 0704,Manufacturing,Khulna,8.3,21634220.5,36,11813417.69,2,0,1.8
C00705,SME Business 0705,Retail,Dhaka,4.5,9874926.14,10,1408723.92,1,0,4.1
C00706,SME Business 0706,Manufacturing,Chattogram,3.2,8261462.16,11,373458.48,0,0,3.2
C00707,SME Business 0707,Wholesale,Dhaka,2.5,9015518.72,17,245588.49,2,0,2.5
C00708,SME Business 0708,Wholesale,Sylhet,10.1,7025483.69,11,1570519.89,4,0,5.9
C00709,SME Business 0709,Services,Dhaka,2.5,13306755.31,13,7245683.24,0,0,0.4
C00710,SME Business 0710,Services,Dhaka,3.0,9199487.58,8,514117.99,1,0,3.0
C00711,SME Business 0711,Services,Dhaka,8.1,2603953.07,2,1009593.66,3,0,5.5
C00712,SME Business 0712,Construction,Cumilla,2.3,5580176.39,7,914545.82,0,0,1.7
C00713,SME Business 0713,Food & Beverage,Chattogram,10.4,22709590.4,33,3106178.12,2,0,1.4
C00714,SME Business 0714,Manufacturing,Dhaka,1.0,2425702.76,2,368644.43,3,0,0.0
C00715,SME Business 0715,Services,Dhaka,4.0,23327256.15,23,5515070.2,2,0,0.5
C00716,SME Business 0716,Food & Beverage,Bogura,2.8,156343714.11,151,67801889.45,0,0,2.8
C00717,SME Business 0717,Food & Beverage,Chattogram,7.0,21709137.02,33,7126714.88,3,0,1.2
C00718,SME Business 0718,Agriculture,Dhaka,4.0,5818456.49,9,2775675.18,0,0,4.0
C00719,SME Business 0719,Retail,Chattogram,2.3,8097136.38,16,471138.4,0,0,2.3
C00720,SME Business 0720,Services,Dhaka,8.7,15287207.13,32,7002733.14,3,0,0.3
C00721,SME Business 0721,Retail,Dhaka,2.1,20193162.58,20,2569185.57,1,0,2.1
C00722,SME Business 0722,Manufacturing,Dhaka,2.2,25448270.46,46,11635208.77,0,0,2.2
C00723,SME Business 0723,Retail,Bogura,4.5,16079840.54,14,3600504.92,4,0,0.9
C00724,SME Business 0724,Retail,Dhaka,1.7,6982984.1,12,3556848.54,4,0,1.7
C00725,SME Business 0725,Services,Dhaka,6.5,2590809.83,3,1174435.21,1,1,6.5
C00726,SME Business 0726,Construction,Chattogram,11.1,16764232.75,22,6744452.6,3,0,0.5
C00727,SME Business 0727,Construction,Narayanganj,3.2,9380046.23,12,3634890.25,1,0,2.7
C00728,SME Business 0728,Services,Bogura,3.0,11891735.5,14,5414833.09,1,0,3.0
C00729,SME Business 0729,Agriculture,Narayanganj,9.2,89410473.58,78,4611436.07,1,0,6.9
C00730,SME Business 0730,Manufacturing,Bogura,2.1,1500000.0,3,139552.04,5,0,2.1
C00731,SME Business 0731,Construction,Dhaka,4.0,15504432.3,14,7463101.87,0,0,0.6
C00732,SME Business 0732,Services,Dhaka,2.4,39850150.26,59,9488596.39,1,0,2.4
C00733,SME Business 0733,Retail,Dhaka,9.3,99495422.59,114,45732539.92,4,0,5.7
C00734,SME Business 0734,Retail,Gazipur,2.7,7262895.46,7,2298168.76,3,0,2.7
C00735,SME Business 0735,Services,Dhaka,10.9,7283726.06,14,2474214.65,3,1,2.3
C00736,SME Business 0736,Retail,Narayanganj,6.5,6449728.03,6,239635.77,0,0,4.5
C00737,SME Business 0737,Transport,Narayanganj,1.1,8967525.3,11,1105591.53,3,0,1.1
C00738,SME Business 0738,Retail,Sylhet,4.4,3487827.57,4,1153668.19,3,0,1.2
C00739,SME Business 0739,Food & Beverage,Gazipur,1.6,31743716.84,55,16847777.74,1,0,1.6
C00740,SME Business 0740,Manufacturing,Khulna,10.3,2917954.95,3,1435809.97,3,0,1.7
C00741,SME Business 0741,Retail,Chattogram,2.2,11780061.8,21,5670243.98,2,0,2.2
C00742,SME Business 0742,Retail,Dhaka,3.5,6044708.83,8,406757.51,0,0,2.1
C00743,SME Business 0743,Manufacturing,Gazipur,14.4,6595677.51,7,270317.91,3,0,6.9
C00744,SME Business 0744,Retail,Cumilla,4.0,34376156.5,35,9905471.89,0,0,4.0
C00745,SME Business 0745,Services,Chattogram,9.1,24796349.06,43,5743296.22,0,0,3.7
C00746,SME Business 0746,Wholesale,Dhaka,7.1,11345757.55,11,5743834.99,4,0,1.6
C00747,SME Business 0747,Manufacturing,Dhaka,8.2,4654334.54,5,882922.18,0,0,3.0
C00748,SME Business 0748,Wholesale,Khulna,4.6,4776463.12,9,270860.31,1,0,4.6
C00749,SME Business 0749,Services,Cumilla,7.6,29224685.28,28,3132963.39,1,0,3.8
C00750,SME Business 0750,Retail,Chattogram,8.1,19017978.69,41,8273360.05,2,0,5.3
C00751,SME Business 0751,Manufacturing,Chattogram,9.1,8757810.54,11,859735.79,3,0,7.8
C00752,SME Business 0752,Services,Gazipur,0.5,20894683.31,26,11153842.74,0,0,0.5
C00753,SME Business 0753,Services,Gazipur,2.3,12279112.43,12,4468653.75,1,0,2.3
C00754,SME Business 0754,Services,Narayanganj,2.4,3750471.14,4,833461.8,3,0,2.4
C00755,SME Business 0755,Services,Dhaka,19.2,2307222.86,2,549068.79,1,0,7.4
C00756,SME Business 0756,Wholesale,Dhaka,6.2,7071790.56,11,1845410.88,1,0,3.8
C00757,SME Business 0757,Construction,Dhaka,11.5,9481725.49,14,4609937.14,0,0,6.4
C00758,SME Business 0758,Manufacturing,Gazipur,4.1,38529819.42,54,20357427.14,5,0,4.1
C00759,SME Business 0759,Services,Dhaka,11.8,13670321.19,14,7354612.11,0,0,4.1
C00760,SME Business 0760,Retail,Gazipur,10.8,29177906.79,26,10284591.89,0,0,7.6
C00761,SME Business 0761,Retail,Dhaka,4.6,13802253.1,14,7010371.78,0,0,4.6
C00762,SME Business 0762,Wholesale,Dhaka,7.0,6343951.24,10,2749565.81,3,0,5.3
C00763,SME Business 0763,Construction,Dhaka,6.9,13653131.37,17,4585049.93,0,0,6.9
C00764,SME Business 0764,Wholesale,Dhaka,3.9,8776213.64,18,517755.04,4,0,3.9
C00765,SME Business 0765,Manufacturing,Dhaka,17.1,4063578.82,4,149006.36,5,0,3.9
C00766,SME Business 0766,Services,Chattogram,2.2,25934342.17,54,835351.2,1,0,2.2
C00767,SME Business 0767,Retail,Dhaka,3.7,6241357.27,5,1277813.62,2,0,3.7
C00768,SME Business 0768,Services,Narayanganj,4.3,2614353.29,2,441757.38,1,0,4.3
C00769,SME Business 0769,Transport,Dhaka,9.2,18940498.23,24,6072044.9,1,0,0.5
C00770,SME Business 0770,Retail,Dhaka,5.4,2111221.72,2,1122171.31,1,1,1.4
C00771,SME Business 0771,Transport,Dhaka,3.9,17276206.1,16,1465383.54,1,1,2.6
C00772,SME Business 0772,Transport,Gazipur,4.2,12543736.76,19,4292332.73,4,0,0.6
C00773,SME Business 0773,Wholesale,Cumilla,9.4,8655613.32,8,2460661.15,5,0,1.0
C00774,SME Business 0774,Manufacturing,Dhaka,4.1,4978994.75,4,2706661.34,4,0,4.1
C00775,SME Business 0775,Food & Beverage,Gazipur,7.2,18797737.85,18,4364505.8,2,0,4.9
C00776,SME Business 0776,Agriculture,Gazipur,4.8,7415709.21,15,336318.33,0,0,2.6
C00777,SME Business 0777,Wholesale,Chattogram,2.3,30397583.99,26,16550556.32,4,0,2.1
C00778,SME Business 0778,Retail,Bogura,3.7,22399337.94,38,2083464.62,1,0,3.7
C00779,SME Business 0779,Food & Beverage,Sylhet,4.7,13199945.38,13,7094511.42,1,0,1.8
C00780,SME Business 0780,Manufacturing,Dhaka,1.5,59243159.65,59,7649616.25,0,0,0.5
C00781,SME Business 0781,Retail,Dhaka,1.8,15868859.46,14,6713457.75,1,0,1.2
C00782,SME Business 0782,Construction,Narayanganj,2.7,13120255.14,22,2194420.01,0,0,2.7
C00783,SME Business 0783,Retail,Chattogram,14.4,18470589.11,28,9443489.34,0,0,1.2
C00784,SME Business 0784,Services,Narayanganj,1.2,2261104.8,2,551645.89,1,0,1.2
C00785,SME Business 0785,Wholesale,Narayanganj,4.6,4769581.92,9,350788.23,0,0,4.6
C00786,SME Business 0786,Retail,Gazipur,8.9,7841903.71,7,1601673.94,1,0,5.9
C00787,SME Business 0787,Services,Dhaka,8.2,6878493.3,13,820552.93,4,0,0.1
C00788,SME Business 0788,Manufacturing,Gazipur,2.4,42652565.94,36,14035858.79,1,0,0.9
C00789,SME Business 0789,Services,Bogura,5.6,4074990.69,5,1668512.89,5,0,3.9
C00790,SME Business 0790,Retail,Dhaka,3.9,14044958.0,14,5701610.22,0,0,3.9
C00791,SME Business 0791,Retail,Chattogram,5.3,5381711.48,9,2831058.13,2,0,5.3
C00792,SME Business 0792,Food & Beverage,Chattogram,4.8,12658271.29,13,6210620.03,1,0,4.8
C00793,SME Business 0793,Retail,Dhaka,5.5,16024603.75,20,8543054.52,3,0,5.5
C00794,SME Business 0794,Agriculture,Narayanganj,4.9,16928541.93,25,7514344.19,0,0,2.3
C00795,SME Business 0795,Retail,Chattogram,3.5,6869487.84,10,3264899.87,2,0,1.2
C00796,SME Business 0796,Manufacturing,Dhaka,6.3,5510906.55,7,2481042.19,2,0,6.3
C00797,SME Business 0797,Manufacturing,Dhaka,3.4,16041012.35,23,5236247.31,2,0,1.1
C00798,SME Business 0798,Manufacturing,Narayanganj,1.6,18117876.54,24,8773371.26,1,1,1.6
C00799,SME Business 0799,Construction,Dhaka,8.4,10003134.18,13,346775.22,2,0,3.4
C00800,SME Business 0800,Services,Sylhet,3.4,12247262.66,14,3916117.82,1,0,3.1
C00801,SME Business 0801,Retail,Gazipur,11.0,11286045.26,22,5189819.9,2,0,0.8
C00802,SME Business 0802,Wholesale,Dhaka,3.7,35230316.38,35,1694604.33,0,0,3.7
C00803,SME Business 0803,Manufacturing,Narayanganj,7.7,7874124.2,6,184403.52,1,0,0.9
C00804,SME Business 0804,Services,Dhaka,1.9,5288521.68,4,1349749.27,0,0,1.9
C00805,SME Business 0805,Food & Beverage,Khulna,12.4,52293083.15,47,18150616.17,1,0,1.5
C00806,SME Business 0806,Services,Bogura,2.3,13665178.81,20,5107959.53,4,0,2.3
C00807,SME Business 0807,Agriculture,Gazipur,1.8,10720353.48,13,3420123.1,0,0,1.8
C00808,SME Business 0808,Services,Cumilla,1.1,42657316.89,42,7113497.51,5,0,1.1
C00809,SME Business 0809,Manufacturing,Narayanganj,8.3,5560148.53,7,2218758.57,3,0,6.1
C00810,SME Business 0810,Wholesale,Dhaka,4.1,20732124.64,18,8934735.91,1,0,2.6
C00811,SME Business 0811,Manufacturing,Khulna,6.8,10398382.82,8,4664032.46,2,0,6.8
C00812,SME Business 0812,Food & Beverage,Dhaka,9.4,2335226.97,4,1094766.04,0,0,4.9
C00813,SME Business 0813,Construction,Bogura,3.6,13726712.76,21,3457523.84,1,0,1.3
C00814,SME Business 0814,Transport,Bogura,2.5,21181549.25,35,9516969.4,4,0,2.5
C00815,SME Business 0815,Retail,Narayanganj,2.5,64073079.19,77,29548808.86,2,0,2.5
C00816,SME Business 0816,Services,Chattogram,2.1,10129782.94,20,622132.95,3,0,0.9
C00817,SME Business 0817,Services,Dhaka,3.7,3536462.53,7,1704153.64,5,1,3.7
C00818,SME Business 0818,Construction,Cumilla,5.3,4105460.31,3,654484.8,0,0,2.1
C00819,SME Business 0819,Transport,Dhaka,2.1,84902726.53,135,4978976.74,4,0,2.1
C00820,SME Business 0820,Retail,Sylhet,6.5,3069535.71,2,501468.38,0,1,4.1
C00821,SME Business 0821,Wholesale,Chattogram,3.4,31804484.11,29,12131147.63,2,0,0.4
C00822,SME Business 0822,Agriculture,Sylhet,4.6,4688548.82,4,2535301.43,1,0,3.5
C00823,SME Business 0823,Manufacturing,Dhaka,6.3,32286143.63,27,900661.91,2,0,0.6
C00824,SME Business 0824,Retail,Dhaka,1.1,16189708.53,24,5524667.42,1,0,0.6
C00825,SME Business 0825,Services,Dhaka,5.2,1500000.0,2,596941.42,4,0,2.3
C00826,SME Business 0826,Services,Chattogram,3.1,12063899.78,10,4752161.79,2,0,1.6
C00827,SME Business 0827,Construction,Dhaka,2.8,6128220.64,5,583648.38,5,0,2.8
C00828,SME Business 0828,Retail,Gazipur,5.3,7093358.42,6,459518.02,0,0,4.0
C00829,SME Business 0829,Wholesale,Cumilla,1.1,5344425.48,10,971234.31,2,0,0.2
C00830,SME Business 0830,Food & Beverage,Chattogram,18.8,36266689.94,35,7278743.68,3,0,3.4
C00831,SME Business 0831,Agriculture,Sylhet,1.3,6682493.67,6,3174267.82,4,0,1.3
C00832,SME Business 0832,Services,Narayanganj,2.3,5361013.06,6,1066263.4,1,0,2.3
C00833,SME Business 0833,Transport,Chattogram,11.1,3371885.12,4,540156.77,0,0,3.5
C00834,SME Business 0834,Construction,Gazipur,5.1,29058213.98,32,5417440.9,0,0,5.1
C00835,SME Business 0835,Food & Beverage,Dhaka,2.0,3118065.97,6,251492.84,0,0,2.0
C00836,SME Business 0836,Retail,Narayanganj,8.5,3995448.54,3,828126.92,2,0,2.8
C00837,SME Business 0837,Wholesale,Dhaka,5.4,8010922.1,7,1926337.77,2,0,1.1
C00838,SME Business 0838,Transport,Dhaka,3.7,18239475.22,15,6376806.45,0,0,3.7
C00839,SME Business 0839,Retail,Cumilla,6.6,12893853.34,15,4231605.93,1,0,6.6
C00840,SME Business 0840,Agriculture,Dhaka,4.1,27218884.84,32,8831243.43,2,0,4.1
C00841,SME Business 0841,Services,Bogura,1.2,12790254.19,19,5922971.52,1,0,1.2
C00842,SME Business 0842,Wholesale,Sylhet,4.8,5731609.8,5,2788543.91,1,0,4.0
C00843,SME Business 0843,Services,Cumilla,6.6,9116948.32,8,787695.83,1,0,3.3
C00844,SME Business 0844,Retail,Chattogram,3.1,8929553.88,11,4831971.88,2,0,3.1
C00845,SME Business 0845,Food & Beverage,Cumilla,3.1,8690812.09,7,783565.44,3,0,3.1
C00846,SME Business 0846,Wholesale,Dhaka,5.9,49740063.5,54,27202396.8,0,0,2.8
C00847,SME Business 0847,Wholesale,Gazipur,4.8,6667874.53,12,781667.68,3,0,4.8
C00848,SME Business 0848,Food & Beverage,Dhaka,6.4,17046460.15,21,4936545.96,2,0,0.8
C00849,SME Business 0849,Manufacturing,Dhaka,6.0,25315277.46,32,4837345.46,1,0,1.1
C00850,SME Business 0850,Agriculture,Bogura,5.5,14467356.6,21,1198361.11,0,0,5.5
C00851,SME Business 0851,Construction,Dhaka,2.1,90036472.36,191,44869396.02,4,0,2.1
C00852,SME Business 0852,Food & Beverage,Dhaka,0.8,53904389.34,53,15959675.47,3,0,0.8
C00853,SME Business 0853,Food & Beverage,Sylhet,4.7,5050723.52,9,2224640.34,2,0,4.1
C00854,SME Business 0854,Services,Dhaka,5.4,18634828.94,16,4652933.06,4,0,2.5
C00855,SME Business 0855,Agriculture,Bogura,2.1,8017032.28,7,3277259.88,1,0,2.1
C00856,SME Business 0856,Food & Beverage,Khulna,1.4,7154968.71,9,1140710.38,1,0,1.4
C00857,SME Business 0857,Services,Narayanganj,2.4,6907605.57,8,3055064.53,1,0,2.4
C00858,SME Business 0858,Retail,Dhaka,14.7,5644614.83,10,1503217.62,1,0,5.6
C00859,SME Business 0859,Transport,Sylhet,5.1,11682123.13,18,2034944.37,1,0,5.1
C00860,SME Business 0860,Transport,Dhaka,3.1,9034719.61,12,4549482.09,0,0,2.7
C00861,SME Business 0861,Manufacturing,Bogura,4.4,6503471.51,7,3397252.43,2,0,4.4
C00862,SME Business 0862,Agriculture,Dhaka,8.2,28651045.06,30,8448733.89,1,0,1.3
C00863,SME Business 0863,Food & Beverage,Narayanganj,2.8,29390406.1,48,12010895.12,4,1,0.2
C00864,SME Business 0864,Retail,Khulna,4.3,5863669.41,9,2517731.62,0,0,1.0
C00865,SME Business 0865,Services,Bogura,2.0,8317786.59,16,3349737.53,3,0,0.1
C00866,SME Business 0866,Services,Bogura,2.2,20378805.14,22,3779464.27,1,0,0.2
C00867,SME Business 0867,Retail,Dhaka,3.1,11314284.23,21,6024287.86,2,0,3.1
C00868,SME Business 0868,Manufacturing,Narayanganj,0.7,9371407.41,10,725358.9,0,0,0.7
C00869,SME Business 0869,Wholesale,Dhaka,6.0,3323608.9,2,234501.18,0,0,3.9
C00870,SME Business 0870,Retail,Dhaka,6.7,25416017.9,40,10845688.2,0,0,2.7
C00871,SME Business 0871,Manufacturing,Dhaka,6.0,73430925.52,85,13650704.29,2,0,5.7
C00872,SME Business 0872,Food & Beverage,Narayanganj,1.8,5693180.13,9,2371316.81,0,0,1.8
C00873,SME Business 0873,Wholesale,Dhaka,2.3,11139616.4,12,2580882.01,1,0,2.3
C00874,SME Business 0874,Agriculture,Khulna,5.5,7026938.63,12,2089271.58,0,0,5.5
C00875,SME Business 0875,Manufacturing,Narayanganj,4.9,21741039.7,25,9991882.87,0,0,1.2
C00876,SME Business 0876,Construction,Dhaka,3.5,22131692.79,31,1159415.83,1,0,2.8
C00877,SME Business 0877,Manufacturing,Narayanganj,6.9,1917600.77,2,632363.84,1,0,3.2
C00878,SME Business 0878,Services,Dhaka,7.4,1827853.34,2,291281.11,0,0,4.7
C00879,SME Business 0879,Manufacturing,Sylhet,9.9,2223812.16,2,832380.37,1,0,6.3
C00880,SME Business 0880,Retail,Khulna,2.3,1500000.0,3,436805.68,1,0,2.3
C00881,SME Business 0881,Retail,Narayanganj,6.0,8734487.09,12,2591106.76,1,0,6.0
C00882,SME Business 0882,Construction,Khulna,12.1,37059734.06,45,16237777.31,2,0,3.5
C00883,SME Business 0883,Retail,Dhaka,4.0,29908436.31,49,9471727.58,5,0,3.1
C00884,SME Business 0884,Transport,Dhaka,0.5,12466408.23,18,871121.4,1,0,0.5
C00885,SME Business 0885,Retail,Chattogram,3.2,4590066.15,3,2094734.64,3,0,3.2
C00886,SME Business 0886,Wholesale,Chattogram,5.0,80032231.91,167,2823824.79,4,0,5.0
C00887,SME Business 0887,Retail,Cumilla,4.5,3779542.62,8,1752781.67,3,0,4.5
C00888,SME Business 0888,Services,Cumilla,12.3,12098903.3,23,3085237.3,0,0,4.0
C00889,SME Business 0889,Transport,Dhaka,3.2,7025322.94,7,2248667.63,1,0,0.7
C00890,SME Business 0890,Retail,Sylhet,6.4,75633591.02,123,16525990.02,0,0,2.0
C00891,SME Business 0891,Services,Bogura,1.2,6949475.44,10,971251.75,0,0,1.2
C00892,SME Business 0892,Agriculture,Dhaka,3.1,14312638.18,15,3697337.54,2,0,0.3
C00893,SME Business 0893,Wholesale,Bogura,5.7,18846974.05,17,8330811.89,0,0,4.0
C00894,SME Business 0894,Transport,Bogura,1.6,6187710.17,13,501873.03,2,0,1.1
C00895,SME Business 0895,Wholesale,Chattogram,4.1,50893094.64,111,12384636.82,1,0,0.8
C00896,SME Business 0896,Manufacturing,Cumilla,4.9,10330794.49,13,2393094.91,3,0,3.0
C00897,SME Business 0897,Agriculture,Dhaka,3.4,39271337.71,51,16896822.83,4,0,0.2
C00898,SME Business 0898,Construction,Narayanganj,15.2,5341965.7,4,2854064.4,1,0,6.4
C00899,SME Business 0899,Retail,Gazipur,1.5,7458973.67,11,2856027.56,3,0,1.5
C00900,SME Business 0900,Wholesale,Dhaka,7.9,62152729.52,60,4399616.29,0,0,1.1
C00901,SME Business 0901,Food & Beverage,Sylhet,11.5,10009159.47,19,2790593.14,3,0,1.8
C00902,SME Business 0902,Transport,Chattogram,4.0,40255344.66,39,20318103.47,2,0,1.5
C00903,SME Business 0903,Wholesale,Dhaka,3.8,10313018.71,13,4695267.4,0,0,3.4
C00904,SME Business 0904,Agriculture,Dhaka,12.1,6452308.63,8,1683967.35,1,0,3.2
C00905,SME Business 0905,Manufacturing,Sylhet,3.1,25784279.8,32,5610592.69,1,0,3.1
C00906,SME Business 0906,Transport,Dhaka,4.1,5561322.83,4,1850703.13,0,0,4.1
C00907,SME Business 0907,Retail,Gazipur,3.3,11716455.14,10,4496604.99,0,0,2.4
C00908,SME Business 0908,Services,Bogura,2.4,4234108.52,4,1421656.22,1,1,2.4
C00909,SME Business 0909,Retail,Dhaka,1.7,16871169.31,25,9027458.53,2,0,1.7
C00910,SME Business 0910,Agriculture,Bogura,5.5,4483430.39,8,2410861.42,2,0,3.1
C00911,SME Business 0911,Retail,Khulna,4.5,29037964.83,30,14169087.77,3,0,0.9
C00912,SME Business 0912,Manufacturing,Dhaka,3.4,23758971.01,22,5187659.3,1,0,3.4
C00913,SME Business 0913,Transport,Sylhet,3.2,65056769.79,67,10703145.22,1,1,3.2
C00914,SME Business 0914,Manufacturing,Dhaka,6.5,8536750.32,18,1639420.43,0,0,5.7
C00915,SME Business 0915,Services,Bogura,7.0,1500000.0,3,300773.8,1,0,3.7
C00916,SME Business 0916,Retail,Sylhet,8.1,18571736.08,26,2414365.38,5,0,2.3
C00917,SME Business 0917,Agriculture,Dhaka,0.9,5671132.59,7,3106576.65,0,0,0.9
C00918,SME Business 0918,Manufacturing,Narayanganj,6.6,5658165.27,4,1824729.21,0,0,6.2
C00919,SME Business 0919,Wholesale,Sylhet,4.4,8910153.0,12,1893252.31,0,0,4.4
C00920,SME Business 0920,Manufacturing,Sylhet,5.7,33830005.23,42,15489181.94,1,0,1.4
C00921,SME Business 0921,Services,Dhaka,3.7,7349081.02,6,1745081.3,2,0,1.1
C00922,SME Business 0922,Construction,Chattogram,6.5,31416177.45,49,10107597.71,1,0,3.0
C00923,SME Business 0923,Food & Beverage,Sylhet,7.3,5486536.19,4,619220.5,4,0,2.6
C00924,SME Business 0924,Food & Beverage,Dhaka,2.7,4701422.78,3,2079342.38,5,0,0.9
C00925,SME Business 0925,Manufacturing,Chattogram,4.9,83515512.96,69,39832686.69,0,0,2.1
C00926,SME Business 0926,Retail,Sylhet,10.0,12628360.51,15,5111920.28,1,0,6.6
C00927,SME Business 0927,Wholesale,Sylhet,8.5,17579800.33,32,1711769.45,0,0,6.0
C00928,SME Business 0928,Retail,Dhaka,4.4,7513307.03,8,445215.02,4,0,2.0
C00929,SME Business 0929,Manufacturing,Dhaka,4.7,23544205.13,26,9970995.62,0,0,1.8
C00930,SME Business 0930,Wholesale,Dhaka,3.3,3076906.23,3,778848.19,1,0,3.3
C00931,SME Business 0931,Manufacturing,Dhaka,4.1,6012395.29,9,2418208.62,3,0,3.2
C00932,SME Business 0932,Retail,Chattogram,3.8,25400231.76,34,12158242.7,1,0,3.8
C00933,SME Business 0933,Food & Beverage,Dhaka,0.6,8602987.35,13,1441062.67,3,0,0.6
C00934,SME Business 0934,Wholesale,Dhaka,17.6,28569632.95,45,3638082.54,2,0,0.8
C00935,SME Business 0935,Retail,Dhaka,5.9,13656882.1,21,5625282.88,2,0,2.0
C00936,SME Business 0936,Wholesale,Chattogram,1.0,13043864.34,22,6003659.81,0,0,1.0
C00937,SME Business 0937,Manufacturing,Dhaka,6.3,10723061.97,10,2026604.23,2,0,0.9
C00938,SME Business 0938,Retail,Dhaka,5.8,11492231.08,12,5474941.69,0,0,5.8
C00939,SME Business 0939,Transport,Dhaka,6.7,16057686.35,27,4638508.07,1,0,2.4
C00940,SME Business 0940,Manufacturing,Cumilla,3.2,7293674.76,6,3801604.93,1,0,3.2
C00941,SME Business 0941,Retail,Gazipur,1.4,9546491.03,11,1115101.81,3,0,1.4
C00942,SME Business 0942,Manufacturing,Narayanganj,5.6,5687372.11,6,579752.25,0,0,5.6
C00943,SME Business 0943,Services,Cumilla,2.2,81178749.01,124,41758923.17,1,0,2.2
C00944,SME Business 0944,Manufacturing,Dhaka,3.9,10562392.65,14,2546334.39,3,0,3.9
C00945,SME Business 0945,Transport,Dhaka,0.7,2678365.94,3,583728.02,1,0,0.7
C00946,SME Business 0946,Retail,Narayanganj,2.7,6886833.36,8,2770365.83,1,0,0.4
C00947,SME Business 0947,Agriculture,Chattogram,3.3,9797088.93,10,1629299.95,1,0,0.9
C00948,SME Business 0948,Transport,Dhaka,3.6,10346830.49,18,1845807.13,0,0,2.0
C00949,SME Business 0949,Transport,Narayanganj,3.1,18368453.39,17,7293073.66,1,0,3.1
C00950,SME Business 0950,Food & Beverage,Gazipur,2.5,11014514.85,11,4330378.15,0,0,0.2
C00951,SME Business 0951,Wholesale,Dhaka,4.3,2966597.25,2,864759.19,0,0,0.3
C00952,SME Business 0952,Transport,Narayanganj,10.4,16172098.1,16,5168806.44,5,0,4.3
C00953,SME Business 0953,Food & Beverage,Bogura,1.6,58102851.43,75,9687976.68,1,0,1.6
C00954,SME Business 0954,Retail,Chattogram,7.2,13685900.61,12,3410122.71,0,0,0.1
C00955,SME Business 0955,Retail,Bogura,2.8,7632452.41,7,1473889.28,1,0,2.8
C00956,SME Business 0956,Manufacturing,Narayanganj,14.7,7108792.16,15,2410011.19,3,0,4.3
C00957,SME Business 0957,Manufacturing,Khulna,3.5,6525788.99,8,1068084.42,4,0,2.8
C00958,SME Business 0958,Food & Beverage,Dhaka,4.7,8648631.17,8,3564565.9,1,0,3.2
C00959,SME Business 0959,Wholesale,Dhaka,2.4,17420803.23,17,1459687.57,1,0,2.4
C00960,SME Business 0960,Retail,Dhaka,3.9,4233465.0,9,1887313.36,1,0,2.8
C00961,SME Business 0961,Food & Beverage,Khulna,4.6,2191946.39,2,591434.42,4,0,4.6
C00962,SME Business 0962,Retail,Dhaka,3.0,6310962.63,6,2675927.39,0,0,3.0
C00963,SME Business 0963,Wholesale,Chattogram,4.4,20860013.95,18,1626612.47,0,0,2.4
C00964,SME Business 0964,Food & Beverage,Chattogram,3.1,22261901.31,19,849025.93,3,0,0.4
C00965,SME Business 0965,Services,Dhaka,5.6,4083495.74,3,1934574.18,1,0,4.8
C00966,SME Business 0966,Manufacturing,Chattogram,5.0,2477234.35,3,855173.68,2,0,5.0
C00967,SME Business 0967,Retail,Cumilla,2.8,27596452.63,53,1938327.11,1,0,0.8
C00968,SME Business 0968,Retail,Dhaka,7.4,12853202.02,11,5433609.12,0,0,5.3
C00969,SME Business 0969,Construction,Narayanganj,1.0,10062355.4,16,1172781.7,0,1,1.0
C00970,SME Business 0970,Manufacturing,Dhaka,6.1,6500272.18,6,2118547.81,1,0,5.0
C00971,SME Business 0971,Retail,Narayanganj,3.2,30494811.2,27,4735866.88,3,0,3.2
C00972,SME Business 0972,Agriculture,Chattogram,3.8,4397311.52,4,2336376.84,0,0,3.7
C00973,SME Business 0973,Services,Dhaka,3.4,7285212.12,6,466054.25,3,0,3.2
C00974,SME Business 0974,Construction,Khulna,2.6,20322533.34,22,2041169.47,3,0,2.6
C00975,SME Business 0975,Manufacturing,Dhaka,4.1,3163281.12,3,1476988.34,3,0,4.1
C00976,SME Business 0976,Food & Beverage,Chattogram,3.2,30428195.65,27,16284096.15,4,0,1.1
C00977,SME Business 0977,Retail,Khulna,3.0,4034249.92,7,1839189.78,3,0,3.0
C00978,SME Business 0978,Transport,Dhaka,7.2,9327926.57,9,239798.51,0,0,0.8
C00979,SME Business 0979,Wholesale,Chattogram,7.4,11171052.27,9,5614216.38,1,0,7.4
C00980,SME Business 0980,Food & Beverage,Gazipur,1.8,32661043.02,33,14405527.82,3,0,0.8
C00981,SME Business 0981,Services,Khulna,6.5,59874174.17,55,31764419.47,1,0,6.5
C00982,SME Business 0982,Agriculture,Dhaka,3.2,12238223.15,11,6621318.13,0,1,3.2
C00983,SME Business 0983,Wholesale,Dhaka,6.4,23975811.78,22,5255158.45,1,0,3.1
C00984,SME Business 0984,Services,Chattogram,10.5,13597183.7,13,2871336.84,2,0,3.4
C00985,SME Business 0985,Transport,Gazipur,3.8,39994807.15,47,20729484.95,3,0,3.8
C00986,SME Business 0986,Retail,Chattogram,6.1,110301683.3,172,50047763.97,1,0,2.0
C00987,SME Business 0987,Retail,Gazipur,4.8,2251093.63,3,964658.27,2,0,3.2
C00988,SME Business 0988,Food & Beverage,Dhaka,12.6,6378786.2,6,2954684.99,0,0,0.8
C00989,SME Business 0989,Services,Sylhet,3.5,5718049.22,8,2258171.57,1,0,3.5
C00990,SME Business 0990,Construction,Sylhet,3.6,44433452.65,45,14087946.26,3,0,3.2
C00991,SME Business 0991,Retail,Chattogram,1.6,30208209.36,46,12065783.92,1,0,1.6
C00992,SME Business 0992,Construction,Dhaka,11.3,5964687.38,11,3278804.23,1,1,4.4
C00993,SME Business 0993,Manufacturing,Chattogram,5.2,3855408.12,6,102483.41,0,1,4.9
C00994,SME Business 0994,Wholesale,Bogura,5.9,5177473.08,5,1824775.57,4,0,5.9
C00995,SME Business 0995,Construction,Sylhet,4.0,30632453.94,42,16167450.15,0,0,4.0
C00996,SME Business 0996,Services,Dhaka,2.0,27836410.42,34,5181662.45,3,0,2.0
C00997,SME Business 0997,Services,Sylhet,5.9,10654791.96,21,3707517.58,1,0,5.9
C00998,SME Business 0998,Services,Dhaka,6.0,2240636.88,3,854721.67,0,0,4.6
C00999,SME Business 0999,Agriculture,Khulna,8.4,10315303.37,10,2013367.94,2,0,7.6
C01000,SME Business 1000,Services,Dhaka,7.8,19432577.12,36,10454678.69,2,0,5.8
