LoanID,ApplicationID,CustomerID,BranchID,DisbursementDate,DisbursedAmountBDT,InterestRatePct,TermMonths,MonthlyInstallmentBDT,MaturityDate,OutstandingBalanceBDT,DaysPastDue,CurrentLoanStatus
L000001,A000001,C00751,B006,2025-09-20,4063788.68,13.77,36,138437.14,2028-09-20,2869117.94,120,90+ DPD
L000002,A000002,C00397,B004,2025-05-20,3900345.97,14.76,12,351597.09,2026-05-20,0.0,0,Closed
L000003,A000009,C00300,B006,2025-02-05,1120510.04,12.54,12,99839.24,2026-02-05,81069.49,0,Closed
L000004,A000012,C00469,B002,2026-01-17,2236327.5,12.6,18,136999.95,2027-07-17,1242404.17,29,1-30 DPD
L000005,A000013,C00676,B005,2025-02-21,3486247.15,12.23,36,116176.64,2028-02-21,1798318.2,58,31-60 DPD
L000006,A000014,C00318,B008,2025-11-18,501615.68,11.87,24,23582.35,2027-11-18,313509.8,31,31-60 DPD
L000007,A000015,C00710,B001,2026-03-12,3258983.27,14.83,12,293888.96,2027-03-12,1931241.28,52,31-60 DPD
L000008,A000016,C00979,B006,2024-11-11,2868276.84,13.79,12,257250.98,2025-11-11,441106.15,0,Closed
L000009,A000017,C00481,B001,2024-09-15,1044128.63,10.39,12,91984.99,2025-09-15,87010.72,0,Closed
L000010,A000018,C00957,B002,2026-02-01,1818786.08,10.53,36,59140.72,2029-02-01,1465133.23,0,Current
L000011,A000019,C00970,B003,2024-09-10,852116.96,10.55,24,39537.54,2026-09-10,35504.87,0,Closed
L000012,A000020,C00059,B006,2025-03-10,8588278.71,12.53,24,406409.03,2027-03-10,2314505.42,36,31-60 DPD
L000013,A000021,C00834,B004,2024-05-20,10844218.39,12.65,6,1874636.84,2024-11-20,4331747.77,0,Closed
L000014,A000022,C00461,B002,2025-10-17,7902848.33,11.6,24,370540.0,2027-10-17,4590813.43,34,31-60 DPD
L000015,A000023,C00264,B004,2024-02-10,8918447.79,14.17,6,1548440.88,2024-08-10,1486407.96,0,Closed
L000016,A000024,C00432,B004,2025-04-23,3784937.16,11.18,18,229374.09,2026-10-23,277768.55,42,31-60 DPD
L000017,A000026,C00205,B002,2026-07-20,3351603.9,14.96,18,209026.01,2028-01-20,2979203.47,0,Current
L000018,A000028,C00753,B004,2026-04-03,1089825.49,11.76,36,36073.0,2029-04-03,938460.84,0,Current
L000019,A000030,C00122,B008,2025-08-05,630930.59,14.31,12,56741.51,2026-08-05,131218.18,0,Closed
L000020,A000032,C00088,B001,2024-06-04,1240735.61,11.61,36,40979.45,2027-06-04,369109.38,90,61-90 DPD
L000021,A000034,C00054,B002,2024-10-18,4030619.56,10.67,6,692830.18,2025-04-18,419563.69,0,Closed
L000022,A000035,C00011,B005,2024-08-10,1086978.64,11.62,6,187352.33,2025-02-10,61789.6,0,Closed
L000023,A000039,C00811,B002,2026-01-26,2089698.87,11.02,18,126484.86,2027-07-26,1277038.2,66,61-90 DPD
L000024,A000040,C00454,B004,2024-04-10,552960.98,11.57,12,49018.75,2025-04-10,57986.05,0,Closed
L000025,A000043,C00603,B003,2025-10-02,1697928.86,10.17,12,149409.2,2026-10-02,237571.47,44,31-60 DPD
L000026,A000044,C00195,B005,2024-03-04,1139026.93,12.86,36,38301.56,2027-03-04,270431.11,120,90+ DPD
L000027,A000046,C00969,B005,2024-02-05,1286204.59,12.88,12,114807.89,2025-02-05,360934.17,0,Closed
L000028,A000047,C00512,B004,2026-06-13,4443904.61,15.12,6,773654.25,2026-12-13,2962603.07,79,61-90 DPD
L000029,A000048,C00427,B001,2024-12-05,3167008.85,14.48,12,285072.36,2025-12-05,144650.94,0,Closed
L000030,A000049,C00379,B001,2025-04-26,547115.98,12.84,36,18392.36,2028-04-26,300259.75,60,31-60 DPD
L000031,A000050,C00592,B004,2026-08-02,1280851.06,14.53,24,61818.54,2028-08-02,1227482.27,0,Current
L000032,A000051,C00321,B002,2024-06-23,572449.17,10.14,18,34416.54,2025-12-23,24185.33,0,Closed
L000033,A000052,C00729,B005,2026-03-24,16346906.73,11.31,24,764248.85,2028-03-24,12260180.05,0,Current
L000034,A000053,C00905,B007,2025-11-10,10395799.62,14.86,24,503366.26,2027-11-10,6310566.89,52,31-60 DPD
L000035,A000054,C00839,B006,2024-08-17,1037481.88,12.03,24,48852.41,2026-08-17,86456.82,0,Closed
L000036,A000057,C00580,B006,2024-03-21,1675575.96,10.47,18,100993.18,2025-09-21,49220.44,0,Closed
L000037,A000058,C00347,B001,2026-02-26,2078232.92,10.53,6,357087.56,2026-08-26,346372.15,0,Closed
L000038,A000060,C00397,B001,2026-03-12,1628041.48,12.08,24,76698.4,2028-03-12,1221031.11,25,1-30 DPD
L000039,A000061,C00596,B004,2026-05-18,4369049.18,15.44,18,273467.79,2027-11-18,3640874.32,31,31-60 DPD
L000040,A000062,C00263,B005,2026-07-25,1499413.92,10.08,12,131878.1,2027-07-25,1249511.6,22,1-30 DPD
L000041,A000063,C00761,B002,2025-08-23,2781159.48,11.32,24,130037.41,2027-08-23,1624145.16,60,31-60 DPD
L000042,A000064,C00223,B008,2024-08-25,5329020.58,13.27,12,476648.91,2025-08-25,444085.05,0,Closed
L000043,A000067,C00270,B008,2026-07-18,724292.18,11.33,12,64125.69,2027-07-18,603576.82,0,Current
L000044,A000068,C00241,B007,2025-09-05,5517228.2,13.31,6,955563.38,2026-03-05,0.0,0,Closed
L000045,A000069,C00851,B004,2024-02-06,7432510.87,14.15,6,1290375.52,2024-08-06,1794481.77,0,Closed
L000046,A000070,C00241,B007,2025-11-17,9073774.75,12.86,36,305119.82,2028-11-17,6605861.13,39,31-60 DPD
L000047,A000071,C00468,B004,2025-02-07,2954704.77,11.38,18,179334.13,2026-08-07,304281.56,0,Closed
L000048,A000075,C00960,B004,2026-05-09,1276735.72,12.28,24,60267.46,2028-05-09,1063946.43,0,Current
L000049,A000076,C00001,B006,2026-08-19,13140252.01,11.88,12,1166757.95,2027-08-19,12045231.01,0,Current
L000050,A000077,C00213,B002,2025-12-15,1610424.37,12.99,36,54253.8,2028-12-15,1233960.57,58,31-60 DPD
L000051,A000078,C00635,B004,2025-09-17,2324528.35,14.82,6,404338.96,2026-03-17,0.0,0,Closed
L000052,A000079,C00602,B003,2025-12-17,1359279.11,10.77,6,233715.9,2026-06-17,0.0,0,Closed
L000053,A000080,C00466,B004,2024-09-26,2412969.15,12.7,12,215180.35,2025-09-26,0.0,0,Closed
L000054,A000081,C00800,B007,2025-04-20,1697995.78,12.56,12,151310.06,2026-04-20,60824.79,0,Closed
L000055,A000082,C00924,B004,2024-07-05,1462884.99,14.19,18,90705.08,2026-01-05,40043.94,0,Closed
L000056,A000083,C00928,B002,2024-03-08,1061027.92,12.39,36,35439.28,2027-03-08,260491.36,60,31-60 DPD
L000057,A000085,C00719,B001,2024-04-22,3486146.27,15.5,12,315476.77,2025-04-22,204675.46,0,Closed
L000058,A000086,C00202,B002,2025-08-04,849772.62,12.35,6,146773.88,2026-02-04,141628.77,0,Closed
L000059,A000090,C00029,B004,2026-08-30,485905.83,13.95,36,16595.31,2029-08-28,472408.45,8,1-30 DPD
L000060,A000091,C00162,B006,2024-11-13,841025.68,12.06,24,39613.57,2026-11-13,140170.95,120,90+ DPD
L000061,A000092,C00476,B007,2025-07-26,12556085.86,13.78,36,427796.83,2028-07-26,8021943.74,31,31-60 DPD
L000062,A000093,C00677,B006,2024-04-19,13780079.82,13.51,18,850035.32,2025-10-19,0.0,0,Closed
L000063,A000094,C00929,B002,2025-01-06,3621842.87,12.87,12,323272.28,2026-01-06,116905.39,0,Closed
L000064,A000095,C00303,B004,2025-01-20,2005495.52,12.16,12,178335.99,2026-01-20,77629.3,0,Closed
L000065,A000096,C00851,B003,2025-11-06,17277813.04,13.46,18,1065391.9,2027-05-06,7679028.02,27,1-30 DPD
L000066,A000097,C00833,B001,2024-08-05,647365.6,13.0,18,39779.06,2026-02-05,21324.98,0,Closed
L000067,A000098,C00502,B001,2025-02-20,4929000.48,11.61,12,437036.96,2026-02-20,410750.04,0,Closed
L000068,A000099,C00948,B004,2026-07-21,1039917.83,12.12,12,92453.83,2027-07-21,866598.19,0,Current
L000069,A000100,C00363,B005,2025-08-07,2928349.12,14.58,12,263727.84,2026-08-07,0.0,0,Closed
L000070,A000101,C00829,B006,2024-10-01,816768.24,10.18,18,49120.44,2026-04-01,109259.28,0,Closed
L000071,A000102,C00870,B004,2024-09-20,2435359.47,14.05,24,116986.16,2026-09-20,185879.29,0,Closed
L000072,A000104,C00807,B004,2024-12-05,1936210.49,13.08,24,92123.75,2026-12-05,367115.23,120,90+ DPD
L000073,A000107,C00713,B006,2025-07-11,5110646.55,13.68,12,458101.09,2026-07-11,121668.58,0,Closed
L000074,A000109,C00730,B001,2024-05-03,571871.9,15.24,18,35740.73,2025-11-03,70322.1,0,Closed
L000075,A000110,C00876,B002,2025-06-29,5552043.82,12.45,36,185602.87,2028-06-28,3392915.67,31,31-60 DPD
L000076,A000112,C00555,B006,2025-05-06,3963586.34,13.73,12,355375.65,2026-05-06,0.0,0,Closed
L000077,A000114,C00794,B005,2025-09-10,5913398.5,15.19,24,287254.97,2027-09-10,3021649.42,16,1-30 DPD
L000078,A000116,C00613,B008,2025-06-26,1604573.2,11.07,36,52584.87,2028-06-26,1105478.89,120,90+ DPD
L000079,A000117,C00729,B001,2025-06-25,22343486.36,11.7,6,3852020.42,2025-12-25,3723914.39,0,Closed
L000080,A000118,C00905,B007,2025-04-06,2267072.17,11.57,24,106264.28,2027-04-06,661229.38,0,Current
L000081,A000119,C00750,B006,2026-03-13,1961706.58,13.1,18,120633.69,2027-09-13,1307804.39,21,1-30 DPD
L000082,A000121,C00082,B004,2025-01-04,4446178.22,14.66,36,153388.97,2028-01-04,2236855.83,60,31-60 DPD
L000083,A000122,C00160,B007,2026-03-30,2325235.93,13.66,6,403125.16,2026-09-28,0.0,0,Closed
L000084,A000123,C00821,B001,2024-06-24,13018301.56,13.99,12,1168814.52,2025-06-24,634232.83,0,Closed
L000085,A000124,C00581,B008,2024-09-21,6453917.67,13.15,36,217924.58,2027-09-21,2595470.89,90,61-90 DPD
L000086,A000126,C00613,B008,2026-06-10,2168000.37,10.85,24,100894.89,2028-06-10,1897000.32,0,Current
L000087,A000127,C00003,B004,2024-06-05,14997281.97,10.24,24,693710.92,2026-06-05,3108995.99,0,Closed
L000088,A000128,C00085,B001,2026-05-11,2607186.08,10.93,36,85269.53,2029-05-11,2317498.74,8,1-30 DPD
L000089,A000129,C00067,B005,2024-10-14,928184.53,10.2,18,55829.57,2026-04-14,90994.05,0,Closed
L000090,A000135,C00352,B003,2024-05-06,2731985.2,13.1,18,168001.41,2025-11-06,370733.09,0,Closed
L000091,A000138,C00685,B004,2024-01-18,575504.06,13.55,36,19543.82,2027-01-18,79931.12,60,31-60 DPD
L000092,A000139,C00963,B001,2026-06-27,7294221.23,10.15,24,337096.52,2028-06-27,6382443.58,0,Current
L000093,A000140,C00876,B002,2025-02-19,3881150.62,11.46,18,235708.1,2026-08-19,549050.42,0,Closed
L000094,A000141,C00749,B006,2024-11-15,6710287.61,11.04,36,219813.34,2027-11-15,2982350.05,120,90+ DPD
L000095,A000142,C00079,B005,2026-06-07,22252546.91,12.87,6,3849212.86,2026-12-07,11126273.46,7,1-30 DPD
L000096,A000146,C00330,B003,2024-03-01,1571274.26,11.86,18,95717.37,2025-09-01,194446.23,0,Closed
L000097,A000150,C00098,B003,2024-12-09,872132.01,11.08,12,77113.02,2025-12-09,113170.8,0,Closed
L000098,A000151,C00563,B003,2025-11-18,7712707.27,13.14,24,367183.54,2027-11-18,4820442.04,90,61-90 DPD
L000099,A000152,C00005,B001,2024-03-12,2029867.11,12.17,18,123945.81,2025-09-12,32907.33,0,Closed
L000100,A000155,C00256,B001,2024-10-08,1007993.74,11.95,36,33455.75,2027-10-08,398231.75,31,31-60 DPD
L000101,A000156,C00255,B005,2024-09-14,5392304.18,11.05,24,251448.83,2026-09-14,53662.84,0,Closed
L000102,A000157,C00015,B001,2024-08-23,972180.66,12.15,24,45832.05,2026-08-23,73921.95,0,Closed
L000103,A000158,C00150,B006,2024-07-28,14468978.48,12.13,24,681983.79,2026-07-28,1685306.7,0,Closed
L000104,A000159,C00767,B004,2024-08-20,2398271.27,11.18,12,212164.61,2025-08-20,200168.97,0,Closed
L000105,A000160,C00230,B005,2026-06-23,662521.63,14.21,18,41085.37,2027-12-23,552101.36,0,Current
L000106,A000162,C00921,B003,2024-10-01,2153923.14,13.16,18,132514.24,2026-04-01,56950.65,0,Closed
L000107,A000163,C00336,B006,2024-01-18,1640874.35,10.82,24,76340.55,2026-01-18,27041.14,0,Closed
L000108,A000164,C00579,B001,2025-05-20,2801580.86,12.5,12,249572.84,2026-05-20,0.0,0,Closed
L000109,A000165,C00079,B005,2024-06-12,20246466.85,15.04,12,1827794.1,2025-06-12,1687205.57,0,Closed
L000110,A000169,C00100,B008,2024-07-31,580746.28,14.49,24,28017.92,2026-07-28,24197.76,0,Closed
L000111,A000170,C00033,B002,2026-01-28,2540450.3,13.5,36,86210.91,2029-01-28,1991014.19,49,31-60 DPD
L000112,A000171,C00036,B002,2026-07-20,5200454.94,11.3,12,460352.88,2027-07-20,4333712.45,3,1-30 DPD
L000113,A000172,C00544,B008,2024-07-02,9544840.74,14.58,24,460894.95,2026-07-02,1136146.81,0,Closed
L000114,A000173,C00818,B006,2024-11-18,1236129.72,11.11,36,40533.72,2027-11-18,503020.07,41,31-60 DPD
L000115,A000174,C00574,B005,2025-11-18,5298406.18,14.1,12,475977.95,2026-11-18,1766135.39,120,90+ DPD
L000116,A000177,C00794,B005,2026-01-29,3476270.69,14.1,24,167070.05,2028-01-28,2317513.79,28,1-30 DPD
L000117,A000178,C00664,B001,2025-11-02,5909892.41,13.17,24,281439.19,2027-11-02,3939928.27,90,61-90 DPD
L000118,A000179,C00088,B002,2025-09-03,604434.57,13.68,18,37333.1,2027-03-03,235057.89,31,31-60 DPD
L000119,A000180,C00520,B008,2024-03-07,738769.29,15.13,12,66725.4,2025-03-07,89103.05,0,Closed
L000120,A000181,C00126,B002,2026-04-17,1312000.74,12.45,12,116846.05,2027-04-17,765333.77,0,Current
L000121,A000184,C00972,B006,2026-09-03,607612.73,14.5,24,29316.97,2028-09-03,607612.73,0,Current
L000122,A000186,C00107,B006,2024-10-04,2911740.48,13.86,24,139608.56,2026-10-04,519584.35,120,90+ DPD
L000123,A000187,C00192,B004,2026-01-30,4308787.68,10.42,24,199664.99,2028-01-28,3093627.57,33,31-60 DPD
L000124,A000189,C00996,B002,2026-05-26,10032744.27,11.15,12,887412.7,2027-05-26,6688496.18,18,1-30 DPD
L000125,A000190,C00199,B006,2026-07-07,10485442.86,12.52,12,934171.52,2027-07-07,9098863.17,24,1-30 DPD
L000126,A000191,C00050,B002,2024-04-23,12429097.44,11.96,12,1104077.69,2025-04-23,1035758.12,0,Closed
L000127,A000193,C00841,B008,2024-02-15,2576289.4,11.48,18,156485.8,2025-08-15,263539.56,0,Closed
L000128,A000194,C00271,B003,2025-09-18,2616068.1,14.21,18,162231.86,2027-03-18,906268.4,51,31-60 DPD
L000129,A000198,C00532,B001,2024-05-30,9821565.81,11.81,36,325325.96,2027-05-28,2960930.86,120,90+ DPD
L000130,A000200,C00586,B001,2026-06-04,1166566.84,12.77,24,55334.77,2028-06-04,1020745.99,1,1-30 DPD
L000131,A000201,C00006,B007,2024-12-30,5024980.09,15.2,24,244122.2,2026-12-28,1033776.91,90,61-90 DPD
L000132,A000203,C00597,B005,2025-09-27,5478151.27,12.12,24,258182.7,2027-09-27,2967331.94,60,31-60 DPD
L000133,A000204,C00764,B001,2025-07-07,2403260.4,14.61,18,149486.15,2027-01-07,534057.87,23,1-30 DPD
L000134,A000205,C00584,B005,2026-07-20,3254646.08,13.4,24,155344.0,2028-07-20,2983425.57,0,Current
L000135,A000206,C00638,B001,2025-05-22,2347255.7,12.64,18,143839.27,2026-11-22,421062.39,120,90+ DPD
L000136,A000208,C00984,B006,2024-05-18,5623688.08,13.29,18,346323.48,2025-11-18,937281.35,0,Closed
L000137,A000209,C00445,B001,2025-08-02,1256644.31,10.53,18,75777.41,2027-02-02,479243.62,60,31-60 DPD
L000138,A000211,C00279,B004,2026-05-16,1148593.14,11.61,12,101841.67,2027-05-16,765728.76,0,Current
L000139,A000213,C00083,B004,2024-03-29,1698179.91,13.87,18,105039.68,2025-09-28,94343.33,0,Closed
L000140,A000214,C00748,B002,2024-11-01,2085275.72,14.13,18,129237.28,2026-05-01,161130.05,0,Closed
L000141,A000216,C00717,B006,2024-10-13,10144522.09,12.81,24,481384.23,2026-10-13,1670846.29,59,31-60 DPD
L000142,A000217,C00733,B002,2026-08-13,11408049.72,10.56,18,688079.34,2028-02-13,10926687.57,17,1-30 DPD
L000143,A000218,C00389,B005,2025-03-25,1990884.82,11.46,24,93216.6,2027-03-25,580674.74,120,90+ DPD
L000144,A000219,C00559,B004,2025-09-19,3614520.63,14.89,36,125103.93,2028-09-19,2510083.77,120,90+ DPD
L000145,A000221,C00854,B002,2026-07-11,6753159.07,10.18,18,406134.93,2028-01-11,6002808.06,0,Current
L000146,A000222,C00804,B004,2025-03-25,811740.5,11.97,24,38200.07,2027-03-25,345162.41,120,90+ DPD
L000147,A000223,C00769,B004,2024-02-13,6882732.11,10.55,18,415101.92,2025-08-13,1110189.91,0,Closed
L000148,A000225,C00164,B001,2025-12-19,1566292.42,15.43,24,76264.65,2027-12-19,1044194.95,31,31-60 DPD
L000149,A000226,C00075,B002,2025-03-07,4380749.52,13.53,36,148725.57,2028-03-07,2251980.38,18,1-30 DPD
L000150,A000232,C00699,B002,2025-12-29,511380.68,12.78,36,17176.3,2028-12-28,383535.51,0,Current
L000151,A000233,C00172,B003,2024-07-21,1295122.29,12.98,18,79570.06,2026-01-21,92384.25,0,Closed
L000152,A000235,C00415,B002,2025-12-12,1178576.89,13.9,18,72916.58,2027-06-12,589288.45,0,Current
L000153,A000239,C00813,B001,2025-01-28,2778584.0,11.61,12,246367.17,2026-01-28,231548.67,0,Closed
L000154,A000240,C00488,B004,2025-04-03,6835298.85,13.53,6,1184592.81,2025-10-03,1139216.48,0,Closed
L000155,A000241,C00037,B006,2025-02-19,20994251.15,15.24,12,1897284.07,2026-02-19,0.0,0,Closed
L000156,A000242,C00241,B007,2026-07-13,7491294.49,12.66,24,354954.61,2028-07-13,6867019.95,0,Current
L000157,A000243,C00552,B006,2026-06-20,6647725.18,15.09,12,600294.81,2027-06-20,4985793.88,0,Current
L000158,A000244,C00807,B004,2024-06-03,2839206.53,10.42,12,250166.31,2025-06-03,349510.74,0,Closed
L000159,A000245,C00821,B006,2024-09-13,12152467.77,14.67,6,2112951.02,2025-03-13,0.0,0,Closed
L000160,A000248,C00757,B002,2024-11-09,3651670.57,13.73,18,225632.07,2026-05-09,396990.33,0,Closed
L000161,A000249,C00622,B007,2025-11-09,4689299.04,12.48,12,417692.25,2026-11-09,781549.84,0,Current
L000162,A000250,C00354,B001,2026-03-19,3783565.4,14.86,12,341248.33,2027-03-19,1891782.7,16,1-30 DPD
L000163,A000252,C00105,B001,2026-07-04,1426328.6,11.16,12,126167.76,2027-07-04,1188607.17,0,Current
L000164,A000253,C00597,B005,2026-08-29,2403395.53,14.92,12,216835.71,2027-08-28,2403395.53,31,31-60 DPD
L000165,A000254,C00674,B001,2024-09-20,1190622.74,14.06,36,40727.37,2027-09-20,416623.88,41,31-60 DPD
L000166,A000255,C00274,B007,2026-02-05,3259842.98,11.91,36,108133.36,2029-02-05,2625984.62,0,Current
L000167,A000258,C00813,B008,2026-04-08,1235405.42,14.54,12,111237.63,2027-04-08,720653.16,0,Current
L000168,A000260,C00018,B003,2024-09-13,1363248.66,11.58,24,63905.79,2026-09-13,56802.03,0,Closed
L000169,A000261,C00585,B001,2024-06-17,3786621.27,12.62,36,126894.27,2027-06-17,1210812.61,35,31-60 DPD
L000170,A000262,C00198,B004,2024-08-01,1792681.7,11.51,36,59124.01,2027-08-01,641536.03,90,61-90 DPD
L000171,A000265,C00765,B001,2025-08-24,772273.04,10.57,12,68099.97,2026-08-24,0.0,0,Closed
L000172,A000266,C00181,B001,2024-02-16,758769.17,12.24,24,35803.0,2026-02-16,102339.5,0,Closed
L000173,A000267,C00018,B002,2025-01-24,950408.99,13.78,18,58746.81,2026-07-24,61102.45,0,Closed
L000174,A000268,C00132,B006,2026-03-30,2802360.57,12.58,12,249747.34,2027-03-28,1401180.29,25,1-30 DPD
L000175,A000269,C00867,B001,2024-04-04,4088795.37,10.82,6,703132.68,2024-10-04,0.0,0,Closed
L000176,A000274,C00812,B004,2024-04-30,430286.83,12.69,36,14433.9,2027-04-28,112664.55,120,90+ DPD
L000177,A000275,C00152,B005,2024-05-11,3110389.1,11.82,18,189417.93,2025-11-11,0.0,0,Closed
L000178,A000276,C00833,B006,2025-07-15,920615.55,13.54,12,82460.29,2026-07-15,0.0,0,Closed
L000179,A000277,C00364,B006,2025-04-04,1791786.88,14.41,12,161225.24,2026-04-04,0.0,0,Closed
L000180,A000278,C00945,B003,2026-07-22,1144895.17,11.36,6,197187.87,2027-01-22,954079.31,31,31-60 DPD
L000181,A000280,C00039,B001,2024-10-15,819699.21,14.14,36,28071.15,2027-10-15,328436.82,90,61-90 DPD
L000182,A000281,C00684,B001,2024-07-14,4475385.62,15.48,18,280208.02,2026-01-14,374025.81,0,Closed
L000183,A000283,C00497,B003,2025-06-01,1047565.7,12.17,12,93158.27,2026-06-01,0.0,0,Closed
L000184,A000284,C00583,B007,2025-04-20,1147262.87,13.19,24,54645.41,2027-04-20,421473.92,120,90+ DPD
L000185,A000286,C00379,B004,2026-07-23,1678897.76,14.88,36,58100.93,2029-07-23,1585625.66,0,Current
L000186,A000288,C00449,B001,2024-03-24,1397774.29,10.85,6,240389.97,2024-09-24,0.0,0,Closed
L000187,A000290,C00744,B006,2025-12-02,8760409.37,14.46,24,422518.75,2027-12-02,5475255.86,27,1-30 DPD
L000188,A000291,C00364,B001,2026-08-02,1331941.45,11.3,18,80792.08,2028-02-02,1257944.7,0,Current
L000189,A000293,C00273,B004,2024-06-21,1130296.45,14.05,18,70008.99,2025-12-21,76334.54,0,Closed
L000190,A000295,C00456,B005,2025-10-20,2193773.72,12.99,6,379606.0,2026-04-20,365628.95,0,Closed
L000191,A000297,C00524,B001,2026-04-07,467463.92,15.12,12,42218.98,2027-04-07,311642.61,31,31-60 DPD
L000192,A000298,C00894,B008,2024-10-26,1575387.45,15.18,18,98413.72,2026-04-26,87521.53,0,Closed
L000193,A000299,C00609,B006,2026-09-28,705350.67,12.3,18,43112.09,2028-03-28,705350.67,0,Current
L000194,A000300,C00638,B002,2025-10-22,1171171.91,15.3,18,73228.77,2027-04-22,455455.74,20,1-30 DPD
L000195,A000303,C00827,B004,2024-12-01,2356350.31,13.39,24,112457.32,2026-12-01,469450.04,120,90+ DPD
L000196,A000304,C00667,B002,2024-11-22,1850095.32,13.2,12,165419.12,2025-11-22,211530.04,0,Closed
L000197,A000305,C00442,B007,2024-12-19,1122793.29,15.13,6,195476.42,2025-06-19,0.0,0,Closed
L000198,A000307,C00345,B001,2025-02-28,3864002.84,10.81,12,341164.62,2026-02-28,644000.47,0,Closed
L000199,A000308,C00987,B004,2026-07-12,797094.93,11.48,12,70627.16,2027-07-12,664245.78,0,Current
L000200,A000309,C00382,B003,2025-07-04,8399136.64,13.38,6,1454990.24,2026-01-04,0.0,0,Closed
L000201,A000310,C00131,B005,2024-07-18,811202.8,11.83,12,72009.89,2025-07-18,0.0,0,Closed
L000202,A000311,C00654,B001,2026-02-11,2445271.84,15.25,12,220994.68,2027-02-11,1340518.82,33,31-60 DPD
L000203,A000312,C00050,B004,2026-05-10,17519453.81,12.37,12,1559616.31,2027-05-10,12595762.48,24,1-30 DPD
L000204,A000313,C00817,B001,2025-12-19,527011.95,10.42,24,24421.22,2027-12-19,337514.78,25,1-30 DPD
L000205,A000315,C00681,B002,2025-12-13,1124553.23,12.74,6,194451.25,2026-06-13,0.0,0,Closed
L000206,A000317,C00737,B005,2026-07-24,3655603.32,10.25,36,118385.57,2029-07-24,3452514.25,3,1-30 DPD
L000207,A000318,C00452,B005,2025-06-26,24042185.16,10.97,12,2124551.78,2026-06-26,0.0,0,Closed
L000208,A000319,C00840,B003,2025-05-20,3873464.81,12.99,24,184133.38,2027-05-20,1325961.92,17,1-30 DPD
L000209,A000320,C00127,B005,2026-09-27,2778976.46,11.12,36,91138.13,2029-09-27,2778976.46,0,Current
L000210,A000322,C00259,B006,2026-08-03,2535873.17,15.14,12,229051.19,2027-08-03,2324550.41,2,1-30 DPD
L000211,A000323,C00512,B001,2026-05-07,3410632.05,10.61,12,300817.22,2027-05-07,2273754.7,5,1-30 DPD
L000212,A000325,C00688,B004,2024-05-19,1131924.71,14.87,12,102096.19,2025-05-19,51083.0,0,Closed
L000213,A000327,C00810,B001,2024-08-13,9715812.72,14.39,18,603333.33,2026-02-13,722055.47,0,Closed
L000214,A000329,C00726,B006,2026-07-21,2754807.74,10.06,12,242268.25,2027-07-21,2295673.12,0,Current
L000215,A000330,C00043,B001,2025-08-19,5252770.56,13.71,18,324512.84,2027-02-19,2369445.01,90,61-90 DPD
L000216,A000332,C00440,B002,2026-06-05,1296639.83,13.39,18,79911.53,2027-12-05,1152568.74,56,31-60 DPD
L000217,A000333,C00870,B002,2024-11-22,6787989.59,14.06,6,1178175.94,2025-05-22,1131331.6,0,Closed
L000218,A000336,C00749,B006,2024-06-08,8300469.43,10.78,24,386019.67,2026-06-08,345852.89,0,Closed
L000219,A000339,C00533,B002,2024-10-12,1506069.9,12.37,12,134073.31,2025-10-12,0.0,0,Closed
L000220,A000340,C00806,B008,2025-11-06,6285261.81,11.67,12,557468.06,2026-11-06,1571315.45,90,61-90 DPD
L000221,A000341,C00323,B005,2026-02-15,14599143.26,14.13,12,1311708.15,2027-02-15,6595621.31,59,31-60 DPD
L000222,A000342,C00608,B003,2024-01-24,4686796.43,12.36,24,221412.54,2026-01-24,272360.26,0,Closed
L000223,A000343,C00145,B004,2025-08-09,7631115.47,12.04,18,465502.86,2027-02-09,2772822.44,52,31-60 DPD
L000224,A000346,C00431,B001,2024-10-28,5889938.45,14.88,24,285247.68,2026-10-28,981656.41,90,61-90 DPD
L000225,A000347,C00561,B007,2024-12-12,2731282.38,13.67,36,92911.59,2027-12-12,1328735.6,90,61-90 DPD
L000226,A000348,C00950,B004,2025-02-25,3371194.78,13.72,12,302245.9,2026-02-25,142084.06,0,Closed
L000227,A000349,C00924,B001,2025-06-07,891652.28,15.4,6,155354.65,2025-12-07,445826.14,0,Closed
L000228,A000350,C00098,B001,2026-04-22,2328025.63,11.16,24,108677.26,2028-04-22,1843020.29,0,Current
L000229,A000351,C00716,B008,2024-01-26,24229623.75,14.56,12,2181897.49,2025-01-26,0.0,0,Closed
L000230,A000352,C00942,B001,2024-05-18,2439828.23,12.34,36,81433.99,2027-05-18,647847.82,120,90+ DPD
L000231,A000353,C00033,B002,2026-09-27,1059910.06,11.29,18,64286.46,2028-03-27,1059910.06,0,Current
L000232,A000354,C00683,B001,2025-02-24,2907836.75,10.45,12,256254.03,2026-02-24,0.0,0,Closed
L000233,A000357,C00020,B007,2026-09-10,7884271.56,14.84,6,1371504.01,2027-03-10,7884271.56,0,Current
L000234,A000358,C00129,B002,2025-08-24,14348552.48,11.55,24,672424.83,2027-08-24,7174276.24,31,31-60 DPD
L000235,A000359,C00336,B006,2025-10-28,752444.69,12.74,18,46144.69,2027-04-28,292617.38,26,1-30 DPD
L000236,A000362,C00403,B004,2024-06-04,1144547.96,12.74,36,38421.17,2027-06-04,344549.49,120,90+ DPD
L000237,A000363,C00462,B003,2026-06-18,4114685.08,10.15,24,190156.84,2028-06-18,3600349.45,0,Current
L000238,A000365,C00821,B006,2024-09-09,8489901.04,11.41,12,751976.15,2025-09-09,707491.75,0,Closed
L000239,A000366,C00805,B002,2026-08-12,3874868.65,14.47,18,240767.44,2028-02-12,3659598.17,0,Current
L000240,A000367,C00603,B003,2025-05-08,4284765.49,11.42,24,200540.19,2027-05-08,1428255.16,25,1-30 DPD
L000241,A000369,C00527,B005,2026-03-07,494006.58,13.4,12,44216.08,2027-03-07,247003.29,15,1-30 DPD
L000242,A000371,C00011,B005,2026-02-12,444782.97,14.6,12,40061.46,2027-02-12,222391.48,31,31-60 DPD
L000243,A000372,C00713,B006,2026-01-21,10364218.39,11.26,24,484305.84,2028-01-21,7290621.42,48,31-60 DPD
L000244,A000374,C00092,B007,2026-05-03,4353765.98,13.65,18,268850.66,2027-11-03,3760746.46,31,31-60 DPD
L000245,A000375,C00270,B008,2026-02-18,391539.13,11.04,24,18256.06,2028-02-18,286628.64,60,31-60 DPD
L000246,A000376,C00376,B004,2025-02-06,1667990.22,14.83,36,57682.67,2028-02-06,850436.02,90,61-90 DPD
L000247,A000378,C00231,B008,2024-11-20,1624617.54,14.23,18,100763.66,2026-05-20,0.0,0,Closed
L000248,A000379,C00805,B002,2026-08-22,11633571.03,11.32,24,543945.59,2028-08-22,11148838.9,0,Current
L000249,A000380,C00753,B004,2025-09-20,3785516.83,10.65,24,175820.26,2027-09-20,2208218.15,72,61-90 DPD
L000250,A000381,C00390,B006,2025-08-16,1189009.05,12.11,12,105703.21,2026-08-16,205072.07,0,Closed
L000251,A000382,C00242,B005,2026-09-15,21858404.63,11.22,24,1021007.05,2028-09-15,21858404.63,0,Current
L000252,A000383,C00885,B006,2025-02-22,1377296.29,10.76,12,121573.6,2026-02-22,276394.72,0,Closed
L000253,A000384,C00344,B006,2024-09-18,3761638.99,14.74,36,129920.02,2027-09-18,1533400.2,90,61-90 DPD
L000254,A000385,C00130,B001,2024-11-12,8380684.7,15.24,36,291505.13,2027-11-12,3861105.33,90,61-90 DPD
L000255,A000386,C00611,B002,2026-09-10,4659519.37,10.46,12,410643.32,2027-09-10,4659519.37,0,Current
L000256,A000388,C00796,B003,2024-08-24,493633.11,10.22,18,29696.19,2026-02-24,25268.52,0,Closed
L000257,A000389,C00749,B006,2025-07-22,11116724.5,14.43,12,1000389.21,2026-07-22,1619697.56,0,Closed
L000258,A000391,C00659,B002,2026-08-28,3265225.34,14.02,18,202197.6,2028-02-28,3083823.93,7,1-30 DPD
L000259,A000393,C00950,B004,2025-07-07,1018341.47,12.92,6,176176.4,2026-01-07,0.0,0,Closed
L000260,A000394,C00123,B001,2024-11-23,4489018.89,14.74,24,217103.36,2026-11-23,604730.05,90,61-90 DPD
L000261,A000397,C00618,B001,2025-01-28,3128056.48,12.49,24,147965.28,2027-01-28,652896.22,39,31-60 DPD
L000262,A000399,C00040,B001,2024-05-28,2255645.43,15.22,24,109604.61,2026-05-28,332740.27,0,Closed
L000263,A000400,C00987,B004,2026-05-30,852529.33,10.34,24,39473.82,2028-05-28,731285.08,58,31-60 DPD
L000264,A000401,C00708,B007,2024-07-02,1854299.16,14.81,24,89741.45,2026-07-02,67420.08,0,Closed
L000265,A000403,C00249,B007,2024-09-26,3482360.29,14.77,18,216869.55,2026-03-26,263802.1,0,Closed
L000266,A000404,C00973,B003,2025-11-17,911237.48,10.63,36,29673.33,2028-11-17,658115.96,7,1-30 DPD
L000267,A000405,C00849,B004,2025-02-22,8438027.71,12.34,24,398548.36,2027-02-22,2240587.02,55,31-60 DPD
L000268,A000408,C00140,B001,2024-04-07,5925174.75,14.52,24,285942.44,2026-04-07,321838.48,0,Closed
L000269,A000409,C00486,B001,2025-04-02,2477529.11,13.96,6,429896.34,2025-10-02,0.0,0,Closed
L000270,A000410,C00591,B006,2025-03-25,6601427.36,15.41,36,230168.3,2028-03-25,3667459.64,120,90+ DPD
L000271,A000411,C00337,B006,2026-09-20,5697741.25,10.55,18,343634.37,2028-03-20,5697741.25,0,Current
L000272,A000412,C00279,B004,2025-05-03,947753.37,14.82,6,164856.5,2025-11-03,0.0,0,Closed
L000273,A000413,C00411,B005,2025-09-20,1236469.65,10.4,36,40130.01,2028-09-20,833818.23,45,31-60 DPD
L000274,A000414,C00417,B002,2026-01-05,2581632.7,10.17,24,119331.92,2028-01-05,1721088.47,0,Current
L000275,A000415,C00666,B003,2026-01-01,1190413.75,13.04,6,206016.15,2026-07-01,56657.03,0,Closed
L000276,A000417,C00446,B002,2024-12-22,2944413.75,14.11,36,100790.46,2027-12-22,1266908.13,29,1-30 DPD
L000277,A000418,C00951,B002,2024-09-23,1325793.71,11.35,12,117392.4,2025-09-23,190349.36,0,Closed
L000278,A000419,C00717,B006,2024-03-04,6136918.87,10.67,12,541446.87,2025-03-04,511409.91,0,Closed
L000279,A000420,C00879,B001,2024-06-30,425950.58,10.97,36,13939.02,2027-06-28,109732.35,56,31-60 DPD
L000280,A000422,C00444,B006,2024-03-23,8331784.27,13.04,18,512123.59,2025-09-23,129882.52,0,Closed
L000281,A000424,C00625,B002,2024-10-12,9644987.48,13.64,12,864362.74,2025-10-12,223362.67,0,Closed
L000282,A000427,C00725,B002,2024-11-01,750107.63,15.48,6,130722.78,2025-05-01,0.0,0,Closed
L000283,A000428,C00039,B003,2024-12-11,519591.33,10.48,24,24091.78,2026-12-11,64948.92,26,1-30 DPD
L000284,A000431,C00449,B004,2025-05-21,2055422.32,12.81,24,97535.19,2027-05-21,715825.34,29,1-30 DPD
L000285,A000435,C00396,B003,2024-09-09,7612990.46,13.88,12,683118.7,2025-09-09,1395821.46,0,Closed
L000286,A000437,C00103,B001,2024-03-13,973679.83,10.45,18,58678.31,2025-09-13,0.0,0,Closed
L000287,A000438,C00466,B001,2025-06-05,737284.15,10.58,24,34219.63,2027-06-05,299622.96,44,31-60 DPD
L000288,A000440,C00148,B001,2025-02-09,7414334.92,10.56,12,653770.49,2026-02-09,0.0,0,Closed
L000289,A000442,C00824,B001,2025-02-02,3531455.2,12.68,18,216472.54,2026-08-02,253918.84,0,Closed
L000290,A000443,C00407,B002,2024-08-18,4363895.51,13.81,24,209131.72,2026-08-18,545486.94,0,Closed
L000291,A000444,C00158,B007,2026-07-15,3424418.95,14.23,12,307839.42,2027-07-15,2853682.46,0,Current
L000292,A000445,C00947,B006,2024-06-25,1717630.54,12.05,24,80894.95,2026-06-25,139237.46,0,Closed
L000293,A000448,C00768,B005,2026-08-13,947986.7,12.5,18,58030.59,2028-02-13,895320.77,0,Current
L000294,A000450,C00654,B004,2024-12-06,6218007.97,14.74,36,214758.44,2027-12-06,3337534.9,57,31-60 DPD
L000295,A000451,C00223,B008,2024-05-10,4710094.89,14.69,18,293151.55,2025-11-10,167961.22,0,Closed
L000296,A000453,C00625,B003,2025-07-13,5355558.95,15.34,24,260539.07,2027-07-13,2816753.61,90,61-90 DPD
L000297,A000455,C00251,B002,2024-01-18,5934886.27,12.4,12,528418.66,2025-01-18,494573.86,0,Closed
L000298,A000457,C00835,B004,2026-02-24,562132.25,12.47,12,50068.45,2027-02-24,257603.09,22,1-30 DPD
L000299,A000458,C00566,B008,2024-05-11,628428.26,13.45,12,56262.26,2025-05-11,0.0,0,Closed
L000300,A000459,C00995,B007,2024-07-29,9916993.26,13.94,36,338650.4,2027-07-28,4183534.96,120,90+ DPD
L000301,A000461,C00637,B007,2025-04-20,1072273.11,13.42,36,36346.42,2028-04-20,625492.65,90,61-90 DPD
L000302,A000462,C00677,B006,2025-12-15,11843549.7,12.09,24,558014.92,2027-12-15,7895699.8,31,31-60 DPD
L000303,A000463,C00589,B001,2025-04-25,2736955.0,10.0,24,126296.59,2027-04-25,912318.33,60,31-60 DPD
L000304,A000464,C00756,B003,2025-09-08,569615.8,12.59,12,50767.03,2026-09-08,73569.45,0,Closed
L000305,A000465,C00406,B001,2024-01-28,5336944.99,12.04,12,474280.97,2025-01-28,0.0,0,Closed
L000306,A000467,C00547,B001,2024-12-07,2754177.26,12.7,24,130550.85,2026-12-07,459029.54,60,31-60 DPD
L000307,A000468,C00143,B001,2025-03-09,1014155.8,13.19,6,175587.77,2025-09-09,0.0,0,Closed
L000308,A000469,C00587,B004,2026-04-26,1365638.88,11.37,24,63884.32,2028-04-26,1081130.78,0,Current
L000309,A000470,C00426,B001,2026-08-26,8283532.09,10.73,36,270134.29,2029-08-26,8053433.98,0,Current
L000310,A000472,C00515,B006,2026-08-12,4438444.15,15.18,18,277267.53,2028-02-12,4191863.92,0,Current
L000311,A000474,C00169,B006,2025-02-09,1433630.27,10.17,12,126152.26,2026-02-09,45707.14,0,Closed
L000312,A000475,C00128,B001,2024-08-30,2000885.92,15.29,12,180870.51,2025-08-28,425564.48,0,Closed
L000313,A000476,C00612,B007,2024-12-20,6809124.07,10.65,24,316253.23,2026-12-20,1134854.01,120,90+ DPD
L000314,A000479,C00862,B003,2026-06-21,6965060.29,13.57,36,236597.21,2029-06-21,6384638.6,0,Current
L000315,A000480,C00372,B002,2024-10-13,566122.19,15.02,18,35322.74,2026-04-13,18164.0,0,Closed
L000316,A000481,C00303,B004,2026-06-04,1365346.25,10.78,12,120531.5,2027-06-04,1024009.69,0,Current
L000317,A000482,C00523,B001,2024-05-25,3648180.02,15.14,36,126715.62,2027-05-25,1196141.86,90,61-90 DPD
L000318,A000483,C00486,B006,2025-08-13,2992776.04,11.7,18,182088.82,2027-02-13,831326.68,0,Current
L000319,A000484,C00709,B003,2026-05-19,5459176.7,14.62,24,263712.62,2028-05-19,4549313.92,17,1-30 DPD
L000320,A000485,C00193,B003,2025-02-14,4833141.49,11.6,18,293837.61,2026-08-14,442138.39,0,Closed
L000321,A000488,C00175,B006,2026-02-13,1174457.44,15.15,12,106087.69,2027-02-13,489357.27,19,1-30 DPD
L000322,A000490,C00552,B006,2024-11-21,3631545.92,13.01,24,172667.37,2026-11-21,372585.65,13,1-30 DPD
L000323,A000491,C00948,B003,2026-04-05,4015219.54,14.73,18,249978.7,2027-10-05,2899880.78,27,1-30 DPD
L000324,A000492,C00215,B003,2026-06-10,9350856.28,13.83,18,578215.26,2027-12-10,7792380.23,0,Current
L000325,A000493,C00756,B002,2025-04-16,642712.64,13.85,12,57661.96,2026-04-16,23063.68,0,Closed
L000326,A000494,C00321,B002,2025-05-14,476599.13,10.39,36,15465.93,2028-05-14,284366.43,60,31-60 DPD
L000327,A000495,C00011,B005,2025-07-18,1584091.58,12.12,18,96689.47,2027-01-18,495615.52,120,90+ DPD
L000328,A000497,C00211,B004,2024-06-08,1729656.0,14.76,24,83668.13,2026-06-08,283030.69,0,Closed
L000329,A000499,C00500,B002,2026-04-10,1463475.74,11.29,12,129542.46,2027-04-10,909610.94,41,31-60 DPD
L000330,A000500,C00029,B004,2025-03-26,623831.03,10.25,18,37537.32,2026-09-26,49125.77,0,Closed
L000331,A000501,C00423,B001,2024-05-03,4041289.59,10.63,36,131599.65,2027-05-03,1238439.1,90,61-90 DPD
L000332,A000502,C00999,B002,2024-02-27,3147908.77,14.07,6,546390.97,2024-08-27,0.0,0,Closed
L000333,A000503,C00270,B008,2025-04-26,651351.77,15.07,12,58811.43,2026-04-26,73256.73,0,Closed
L000334,A000504,C00775,B004,2024-07-17,7063180.61,13.37,12,632090.81,2025-07-17,588598.38,0,Closed
L000335,A000505,C00551,B005,2025-06-06,907645.66,12.65,12,80919.47,2026-06-06,114194.47,0,Closed
L000336,A000506,C00795,B006,2026-09-11,1662976.03,12.94,18,102139.33,2028-03-11,1662976.03,0,Current
L000337,A000507,C00291,B004,2026-05-17,1657196.82,14.92,6,288342.5,2026-11-17,552398.94,23,1-30 DPD
L000338,A000508,C00191,B008,2025-01-11,2207391.33,15.38,6,384577.0,2025-07-11,197622.78,0,Closed
L000339,A000509,C00462,B004,2024-10-17,2628096.28,12.08,6,453577.62,2025-04-17,0.0,0,Closed
L000340,A000511,C00572,B005,2025-02-19,843714.77,10.98,18,51052.58,2026-08-19,193329.63,0,Closed
L000341,A000512,C00853,B007,2024-05-04,1747623.29,14.45,6,303668.83,2024-11-04,0.0,0,Closed
L000342,A000516,C00400,B007,2024-05-23,5799141.21,14.85,12,523010.32,2025-05-23,483261.77,0,Closed
L000343,A000517,C00486,B006,2024-11-24,730556.49,10.7,36,23813.83,2027-11-24,284105.3,0,Current
L000344,A000518,C00407,B002,2024-07-21,3123654.38,10.43,24,144761.53,2026-07-21,330326.07,0,Closed
L000345,A000519,C00905,B007,2024-02-10,3888141.99,14.34,24,187306.03,2026-02-10,243452.43,0,Closed
L000346,A000521,C00979,B006,2025-04-01,2725345.84,10.63,24,126554.82,2027-04-01,897213.82,41,31-60 DPD
L000347,A000524,C00623,B008,2026-04-01,3026826.48,11.06,18,183263.13,2027-10-01,2186041.35,0,Current
L000348,A000525,C00327,B006,2024-06-15,1370020.01,13.87,6,237662.29,2024-12-15,0.0,0,Closed
L000349,A000526,C00900,B002,2024-01-22,4256790.27,14.83,18,265218.51,2025-07-22,566087.72,0,Closed
L000350,A000527,C00534,B007,2024-05-21,1349678.0,13.29,18,83117.2,2025-11-21,116609.62,0,Closed
L000351,A000528,C00957,B002,2025-09-08,2788548.79,11.95,18,169986.66,2027-03-08,1004861.62,56,31-60 DPD
L000352,A000529,C00966,B006,2024-10-09,487935.05,13.15,6,84469.89,2025-04-09,0.0,0,Closed
L000353,A000530,C00856,B002,2024-04-12,1948185.61,11.41,12,172556.68,2025-04-12,52278.4,0,Closed
L000354,A000531,C00154,B005,2024-10-14,1812891.82,13.22,6,313905.35,2025-04-14,0.0,0,Closed
L000355,A000532,C00257,B008,2026-01-08,2107667.67,13.46,18,129963.91,2027-07-08,1170926.48,9,1-30 DPD
L000356,A000533,C00933,B001,2024-06-24,2735219.44,14.07,18,169441.32,2025-12-24,50781.94,0,Closed
L000357,A000534,C00909,B001,2025-12-27,2297847.36,10.68,12,202744.73,2026-12-27,671513.33,53,31-60 DPD
L000358,A000535,C00009,B001,2025-10-13,1667726.19,10.41,36,54134.43,2028-10-13,1178649.67,45,31-60 DPD
L000359,A000537,C00576,B006,2025-05-06,1232407.53,10.48,36,40044.63,2028-05-06,724825.86,32,31-60 DPD
L000360,A000539,C00391,B006,2024-11-28,10631817.43,14.86,36,367826.96,2027-11-28,4414233.96,54,31-60 DPD
L000361,A000540,C00008,B003,2026-02-13,15547171.23,15.35,36,541616.34,2029-02-13,12955976.03,31,31-60 DPD
L000362,A000541,C00174,B008,2026-03-07,15855442.19,10.79,24,737442.97,2028-03-07,12266413.93,60,31-60 DPD
L000363,A000543,C00301,B004,2024-04-09,1329512.97,10.59,24,61712.95,2026-04-09,150564.25,0,Closed
L000364,A000544,C00997,B007,2024-12-08,3596011.84,10.73,12,317368.78,2025-12-08,0.0,0,Closed
L000365,A000545,C00444,B006,2026-03-04,5739098.28,11.95,18,349848.68,2027-09-04,4246117.33,60,31-60 DPD
L000366,A000547,C00067,B005,2025-03-24,1019274.41,15.34,18,63750.43,2026-09-24,211536.62,0,Closed
L000367,A000548,C00319,B005,2024-10-31,768988.03,10.27,12,67702.87,2025-10-28,64082.34,0,Closed
L000368,A000549,C00509,B001,2026-02-05,2275724.67,12.04,6,392717.56,2026-08-05,0.0,0,Closed
L000369,A000553,C00346,B006,2024-02-12,2258261.29,12.73,18,138480.41,2025-08-12,67667.7,0,Closed
L000370,A000554,C00480,B001,2024-05-12,3266449.58,13.72,18,201814.47,2025-11-12,614590.59,0,Closed
L000371,A000555,C00394,B003,2026-03-26,2102362.14,13.14,12,187915.38,2027-03-26,1051181.07,1,1-30 DPD
L000372,A000557,C00994,B008,2024-03-02,1096683.1,15.37,24,53367.48,2026-03-02,86084.34,0,Closed
L000373,A000558,C00366,B002,2025-12-27,6322365.01,11.56,36,208666.81,2028-12-27,4741773.76,21,1-30 DPD
L000374,A000559,C00917,B003,2025-02-20,1523182.99,14.25,6,264518.84,2025-08-20,408165.4,0,Closed
L000375,A000563,C00934,B004,2026-03-19,7691816.78,14.21,24,370069.84,2028-03-19,6281278.78,60,31-60 DPD
L000376,A000564,C00141,B008,2026-08-08,4887885.02,13.81,12,438432.26,2027-08-08,4480561.27,0,Current
L000377,A000565,C00047,B006,2026-02-03,2636062.69,12.2,24,124334.97,2028-02-03,1867211.07,17,1-30 DPD
L000378,A000568,C00688,B002,2024-07-02,1819021.74,15.27,24,88431.79,2026-07-02,151585.15,0,Closed
L000379,A000572,C00205,B002,2026-09-27,4288427.21,15.13,18,267795.07,2028-03-27,4288427.21,0,Current
L000380,A000578,C00947,B006,2026-03-22,1851356.88,14.18,6,321445.9,2026-09-22,137859.27,0,Closed
L000381,A000580,C00063,B002,2025-10-11,4355207.96,11.09,18,263752.15,2027-04-11,2041015.28,31,31-60 DPD
L000382,A000581,C00554,B002,2025-08-29,2050026.93,12.92,12,183025.89,2026-08-28,108544.19,0,Closed
L000383,A000582,C00662,B004,2025-05-01,6854794.25,10.14,12,603091.74,2026-05-01,1485770.52,0,Closed
L000384,A000585,C00178,B005,2024-08-07,7693783.76,13.17,36,259864.42,2027-08-07,2634303.2,56,31-60 DPD
L000385,A000587,C00199,B006,2024-07-04,8199677.48,11.0,36,268446.92,2027-07-04,2406516.58,27,1-30 DPD
L000386,A000588,C00126,B002,2026-04-03,1413989.93,13.05,12,126326.9,2027-04-03,824827.46,30,1-30 DPD
L000387,A000590,C00794,B005,2025-08-26,3921749.42,11.83,24,184299.17,2027-08-26,1847426.81,43,31-60 DPD
L000388,A000591,C00411,B005,2026-06-15,1492619.22,12.31,12,132833.97,2027-06-15,1119464.42,0,Current
L000389,A000592,C00436,B006,2026-03-13,775739.01,12.27,24,36614.62,2028-03-13,608916.39,46,31-60 DPD
L000390,A000593,C00065,B004,2026-06-16,988576.58,13.79,12,88663.79,2027-06-16,741432.43,23,1-30 DPD
L000391,A000595,C00818,B006,2025-07-23,1299365.9,15.09,24,63057.47,2027-07-23,555280.84,57,31-60 DPD
L000392,A000598,C00139,B006,2024-02-08,850154.07,12.93,18,52212.16,2025-08-08,30346.12,0,Closed
L000393,A000599,C00083,B004,2024-07-02,3702123.62,12.93,6,640497.8,2025-01-02,0.0,0,Closed
L000394,A000600,C00458,B002,2024-08-03,452670.48,10.06,12,39809.56,2025-08-03,132223.32,0,Closed
L000395,A000602,C00370,B005,2024-03-26,710897.56,15.13,6,123766.07,2024-09-26,42250.7,0,Closed
L000396,A000604,C00473,B004,2024-12-16,3560595.65,12.18,36,118569.07,2027-12-16,1582486.96,90,61-90 DPD
L000397,A000605,C00731,B001,2025-08-29,4234141.27,12.05,12,376297.37,2026-08-28,352845.11,0,Closed
L000398,A000606,C00806,B001,2025-11-09,4547626.54,10.84,12,401587.46,2026-11-09,1398167.61,60,31-60 DPD
L000399,A000607,C00120,B008,2025-05-10,9897377.49,11.56,18,601541.36,2026-11-10,1099708.61,30,1-30 DPD
L000400,A000608,C00185,B001,2026-07-07,1373113.61,12.19,12,122121.56,2027-07-07,1144261.34,0,Current
L000401,A000609,C00177,B006,2024-03-08,904209.1,10.59,12,79742.68,2025-03-08,0.0,0,Closed
L000402,A000610,C00514,B006,2025-04-21,8895245.61,12.68,12,793164.25,2026-04-21,1482540.93,0,Closed
L000403,A000612,C00760,B004,2025-02-21,4824724.1,12.23,24,227635.08,2027-02-21,1096314.97,26,1-30 DPD
L000404,A000616,C00796,B003,2026-01-07,1891274.63,12.28,18,115579.94,2027-07-07,1205745.77,85,61-90 DPD
L000405,A000617,C00254,B008,2025-03-31,5972192.67,11.99,6,1030462.58,2025-09-28,2048139.1,0,Closed
L000406,A000618,C00956,B005,2024-07-26,2852974.96,10.45,18,171933.07,2026-01-26,316997.22,0,Closed
L000407,A000619,C00224,B003,2026-04-29,1256475.73,13.23,24,59870.98,2028-04-28,1047063.11,31,31-60 DPD
L000408,A000620,C00410,B006,2024-12-07,4314255.86,12.81,36,144969.82,2027-12-07,2084246.82,120,90+ DPD
L000409,A000622,C00486,B006,2025-09-01,2889210.31,13.78,18,178588.25,2027-03-01,1123581.79,90,61-90 DPD
L000410,A000623,C00331,B005,2024-09-16,407350.86,13.68,36,13859.06,2027-09-16,157234.69,60,31-60 DPD
L000411,A000624,C00736,B005,2024-04-18,1144533.88,12.33,12,101867.22,2025-04-18,35666.52,0,Closed
L000412,A000625,C00028,B006,2024-03-23,1029778.9,15.08,18,64281.32,2025-09-23,202285.99,0,Closed
L000413,A000628,C00872,B005,2025-09-04,1623534.05,14.87,36,56177.04,2028-09-04,1127454.2,90,61-90 DPD
L000414,A000629,C00160,B007,2024-03-02,1172427.02,13.49,6,203164.47,2024-09-02,0.0,0,Closed
L000415,A000630,C00170,B005,2025-11-18,2174101.65,10.17,12,191310.01,2026-11-18,421897.49,59,31-60 DPD
L000416,A000631,C00975,B002,2025-05-08,402119.66,14.1,18,24916.16,2026-11-08,76800.04,60,31-60 DPD
L000417,A000632,C00416,B007,2025-08-11,1438328.58,10.39,6,247038.18,2026-02-11,105100.22,0,Closed
L000418,A000633,C00288,B003,2026-04-23,938891.33,14.98,12,84733.89,2027-04-23,547686.61,14,1-30 DPD
L000419,A000634,C00303,B004,2025-11-20,1081548.4,12.54,24,51185.41,2027-11-20,646561.35,54,31-60 DPD
L000420,A000635,C00584,B005,2026-04-30,2124719.44,14.64,24,102657.48,2028-04-28,1682069.56,21,1-30 DPD
L000421,A000637,C00847,B004,2026-07-27,826922.8,12.1,12,73509.78,2027-07-27,689102.33,0,Current
L000422,A000638,C00984,B006,2024-03-03,5470012.14,12.26,24,258157.13,2026-03-03,320455.05,0,Closed
L000423,A000639,C00927,B007,2024-03-04,2779363.01,10.23,18,167214.91,2025-09-04,362996.99,0,Closed
L000424,A000640,C00598,B005,2026-07-25,7014052.24,12.74,24,332604.89,2028-07-25,6429547.89,0,Current
L000425,A000641,C00221,B006,2026-02-11,3993224.25,10.6,18,240926.04,2027-08-11,2662149.5,60,31-60 DPD
L000426,A000642,C00538,B001,2026-09-14,888505.24,10.09,24,41036.93,2028-09-14,888505.24,0,Current
L000427,A000645,C00136,B006,2025-07-21,1008302.5,13.47,24,48159.44,2027-07-21,420126.04,0,Current
L000428,A000647,C00938,B001,2026-06-17,2807388.11,12.68,36,94159.87,2029-06-17,2573439.1,0,Current
L000429,A000648,C00441,B006,2024-06-28,1422352.68,10.91,24,66233.37,2026-06-28,0.0,0,Closed
L000430,A000649,C00168,B008,2024-04-02,12004097.29,12.84,24,569794.94,2026-04-02,812485.96,0,Closed
L000431,A000650,C00064,B006,2026-03-04,1564879.35,12.42,36,52290.86,2029-03-04,1347535.0,120,90+ DPD
L000432,A000652,C00442,B007,2026-09-28,2555691.02,10.76,24,118830.66,2028-09-28,2555691.02,0,Current
L000433,A000653,C00806,B008,2026-08-23,5033739.6,10.43,36,163442.74,2029-08-23,4893913.5,0,Current
L000434,A000656,C00319,B005,2024-05-23,929813.98,10.47,36,30208.07,2027-05-23,287415.61,120,90+ DPD
L000435,A000659,C00428,B002,2026-08-29,4578321.23,13.91,12,410880.42,2027-08-28,4578321.23,31,31-60 DPD
L000436,A000660,C00989,B007,2024-03-09,547468.87,10.42,24,25369.17,2026-03-09,18144.84,0,Closed
L000437,A000662,C00674,B001,2025-11-20,1602161.7,14.64,18,99679.28,2027-05-20,752936.03,56,31-60 DPD
L000438,A000664,C00769,B001,2026-03-02,6269474.27,15.0,12,565872.17,2027-03-02,3134737.13,11,1-30 DPD
L000439,A000666,C00833,B001,2026-08-08,671231.14,10.73,12,59240.02,2027-08-08,615295.21,0,Current
L000440,A000667,C00544,B008,2025-04-04,2498874.7,11.29,18,151563.62,2026-10-04,277652.74,60,31-60 DPD
L000441,A000668,C00030,B005,2024-02-15,1448397.11,12.83,24,68743.84,2026-02-15,99494.4,0,Closed
L000442,A000669,C00845,B006,2024-02-29,2807540.21,10.68,18,169493.03,2025-08-28,208511.27,0,Closed
L000443,A000671,C00736,B005,2025-01-12,1120104.48,13.72,36,38130.37,2028-01-12,540882.07,48,31-60 DPD
L000444,A000672,C00506,B001,2026-01-04,845193.19,14.44,36,29067.65,2029-01-04,680850.07,90,61-90 DPD
L000445,A000673,C00158,B007,2025-03-05,1973403.44,13.8,24,94562.44,2027-03-05,493350.86,1,1-30 DPD
L000446,A000674,C00744,B006,2026-05-01,7538495.46,10.82,12,665631.96,2027-05-01,5279207.87,27,1-30 DPD
L000447,A000675,C00581,B001,2025-02-10,9436849.74,10.1,18,567184.25,2026-08-10,1353119.79,0,Closed
L000448,A000676,C00587,B004,2026-09-04,1900739.95,13.56,18,117293.12,2028-03-04,1900739.95,0,Current
L000449,A000678,C00764,B004,2026-04-16,2249685.93,10.27,12,198065.75,2027-04-16,1524738.14,52,31-60 DPD
L000450,A000679,C00871,B002,2025-10-05,10076304.27,15.48,24,490867.3,2027-10-05,6150252.88,31,31-60 DPD
L000451,A000683,C00351,B006,2024-03-21,1637294.52,12.82,18,100470.36,2025-09-21,222813.21,0,Closed
L000452,A000685,C00519,B001,2025-03-08,2516689.42,14.24,6,437040.57,2025-09-08,0.0,0,Closed
L000453,A000690,C00604,B003,2024-02-01,3730207.42,12.96,24,177270.78,2026-02-01,368778.98,0,Closed
L000454,A000691,C00264,B001,2024-05-07,14730712.18,11.56,24,690402.82,2026-05-07,613779.67,0,Closed
L000455,A000693,C00308,B002,2026-08-27,6698308.62,13.88,24,321225.52,2028-08-27,6597324.69,21,1-30 DPD
L000456,A000694,C00462,B001,2025-11-22,11332425.91,13.63,6,1964529.48,2026-05-22,0.0,0,Closed
L000457,A000695,C00314,B005,2025-08-29,3231733.19,15.09,36,112171.58,2028-08-28,2125384.45,53,31-60 DPD
L000458,A000696,C00198,B004,2026-06-21,2463887.81,11.51,12,218349.06,2027-06-21,1847915.86,0,Current
L000459,A000699,C00700,B001,2025-03-16,4335098.86,10.27,12,381668.66,2026-03-16,0.0,0,Closed
L000460,A000700,C00148,B002,2025-03-16,11097328.77,15.11,6,1931916.1,2025-09-16,0.0,0,Closed
L000461,A000701,C00199,B006,2024-11-21,7864888.98,14.25,36,269759.23,2027-11-21,3802759.12,120,90+ DPD
L000462,A000702,C00229,B007,2026-03-23,4122941.13,10.69,12,363796.47,2027-03-23,2061470.56,25,1-30 DPD
L000463,A000703,C00899,B004,2024-10-21,907523.84,11.48,12,80411.8,2025-10-21,151253.97,0,Closed
L000464,A000705,C00674,B001,2026-02-03,1848201.0,11.66,24,86708.08,2028-02-03,1309142.38,0,Current
L000465,A000706,C00534,B007,2026-06-26,2511592.97,12.21,12,223398.81,2027-06-26,1883694.73,0,Current
L000466,A000707,C00375,B001,2024-03-28,1977433.68,11.11,12,174870.35,2025-03-28,329572.28,0,Closed
L000467,A000709,C00740,B002,2026-03-09,694902.5,14.43,36,23895.51,2029-03-09,579085.42,0,Current
L000468,A000710,C00219,B001,2026-04-28,6795460.16,12.17,24,320425.66,2028-04-28,5379739.29,29,1-30 DPD
L000469,A000713,C00830,B006,2025-09-01,6646396.49,13.85,24,318641.88,2027-09-01,3600131.43,90,61-90 DPD
L000470,A000715,C00400,B007,2025-08-04,2602260.13,14.72,18,161998.74,2027-02-04,722850.04,29,1-30 DPD
L000471,A000717,C00803,B005,2024-06-01,553249.6,12.29,24,26118.37,2026-06-01,14770.36,0,Closed
L000472,A000718,C00136,B006,2024-06-17,592783.38,11.04,18,35885.35,2025-12-17,42585.82,0,Closed
L000473,A000719,C00944,B001,2024-12-09,2573846.74,11.37,18,156206.25,2026-06-09,53804.89,0,Closed
L000474,A000721,C00693,B001,2025-11-12,2689222.22,11.41,24,125851.35,2027-11-12,1738292.58,80,61-90 DPD
L000475,A000724,C00238,B003,2025-10-23,5604252.23,11.71,12,497171.04,2026-10-23,934042.04,31,31-60 DPD
L000476,A000725,C00877,B005,2026-05-02,454052.14,14.66,36,15664.37,2029-05-02,403601.9,0,Current
L000477,A000728,C00356,B005,2025-09-08,1691953.55,10.05,36,54634.31,2028-09-08,1141945.59,32,31-60 DPD
L000478,A000731,C00716,B008,2024-10-11,21727874.52,13.55,18,1340707.87,2026-04-11,1491750.7,0,Closed
L000479,A000732,C00653,B006,2026-03-21,14360809.76,12.59,18,879692.56,2027-09-21,9573873.17,8,1-30 DPD
L000480,A000733,C00120,B008,2025-04-29,7204691.12,14.68,18,448378.84,2026-10-28,925301.36,60,31-60 DPD
L000481,A000735,C00227,B004,2025-10-11,982397.99,12.56,36,32893.05,2028-10-11,695443.5,58,31-60 DPD
L000482,A000736,C00217,B007,2025-01-10,7995890.75,12.58,18,489762.83,2026-07-10,745438.01,0,Closed
L000483,A000737,C00770,B002,2024-03-31,697166.34,15.14,12,62971.12,2025-03-28,232388.78,0,Closed
L000484,A000739,C00066,B006,2026-04-03,3783846.8,14.14,36,129580.35,2029-04-03,3316589.77,47,31-60 DPD
L000485,A000740,C00774,B002,2024-03-25,920477.13,14.0,18,56991.5,2025-09-25,42755.65,0,Closed
L000486,A000741,C00714,B004,2025-05-06,437899.14,14.06,6,76005.16,2025-11-06,0.0,0,Closed
L000487,A000742,C00527,B001,2025-07-22,480157.1,11.96,6,82840.83,2026-01-22,100585.28,0,Closed
L000488,A000744,C00647,B003,2024-05-28,3543505.7,11.88,6,611216.01,2024-11-28,374826.99,0,Closed
L000489,A000748,C00033,B002,2025-09-09,2708493.19,13.07,6,468779.2,2026-03-09,0.0,0,Closed
L000490,A000752,C00678,B003,2025-05-12,2530635.86,12.89,36,85133.1,2028-05-12,1444908.53,18,1-30 DPD
L000491,A000753,C00274,B007,2025-02-25,2346184.11,11.93,12,208378.79,2026-02-25,241610.12,0,Closed
L000492,A000754,C00256,B004,2026-01-02,701966.75,13.37,18,43255.44,2027-07-02,398963.51,45,31-60 DPD
L000493,A000755,C00716,B008,2025-10-30,24580784.21,15.14,36,853787.15,2028-10-28,17510459.52,31,31-60 DPD
L000494,A000756,C00305,B005,2024-04-15,1924339.86,11.84,24,90441.64,2026-04-15,31917.63,0,Closed
L000495,A000757,C00421,B004,2025-04-06,3107097.05,15.28,18,194245.28,2026-10-06,307617.49,47,31-60 DPD
L000496,A000758,C00807,B004,2025-01-16,3061838.18,13.66,18,189086.78,2026-07-16,101521.32,0,Closed
L000497,A000760,C00918,B005,2024-10-29,615350.68,13.46,36,20870.2,2027-10-28,227952.61,58,31-60 DPD
L000498,A000761,C00285,B008,2026-05-28,11324791.76,13.49,24,541011.4,2028-05-28,9437326.47,29,1-30 DPD
L000499,A000762,C00646,B001,2025-02-26,4704827.56,12.2,36,156717.4,2028-02-26,2221724.13,25,1-30 DPD
L000500,A000763,C00636,B004,2025-12-09,8670105.01,13.38,18,534295.52,2027-06-09,4335052.51,0,Current
L000501,A000764,C00029,B004,2026-01-29,638222.79,14.16,24,30691.18,2028-01-28,452074.48,90,61-90 DPD
L000502,A000765,C00854,B004,2024-08-16,2904140.49,14.66,24,140343.36,2026-08-16,46592.98,0,Closed
L000503,A000766,C00506,B001,2024-10-08,1353313.6,14.2,18,83917.53,2026-04-08,150368.18,0,Closed
L000504,A000769,C00203,B001,2025-12-31,23829624.42,10.15,12,2096665.38,2026-12-28,5957406.11,0,Current
L000505,A000771,C00994,B008,2024-05-21,1539685.71,10.51,36,50050.81,2027-05-21,443470.75,120,90+ DPD
L000506,A000774,C00444,B006,2025-03-09,10203777.66,13.96,12,915975.75,2026-03-09,3313395.59,0,Closed
L000507,A000775,C00499,B008,2025-05-13,1928394.77,11.67,24,90479.34,2027-05-13,753700.25,90,61-90 DPD
L000508,A000776,C00060,B005,2025-09-19,4387647.57,11.37,12,388545.23,2026-09-19,731274.6,0,Closed
L000509,A000777,C00460,B006,2025-02-22,17151029.43,12.83,18,1052529.63,2026-08-22,2720782.74,0,Closed
L000510,A000778,C00944,B001,2024-09-10,4309946.43,12.34,18,263510.58,2026-03-10,369230.89,0,Closed
L000511,A000779,C00004,B005,2025-09-25,3190646.05,13.37,36,108074.98,2028-09-25,2127097.37,28,1-30 DPD
L000512,A000780,C00360,B006,2024-06-19,1826638.1,11.34,18,110832.92,2025-12-19,247410.03,0,Closed
L000513,A000783,C00369,B004,2024-03-04,833176.27,15.17,12,75267.94,2025-03-04,0.0,0,Closed
L000514,A000784,C00966,B006,2024-04-04,1051567.92,10.3,12,92596.31,2025-04-04,0.0,0,Closed
L000515,A000785,C00751,B006,2024-07-16,2434330.78,14.32,18,151087.3,2026-01-16,135240.6,0,Closed
L000516,A000787,C00590,B008,2024-12-25,3898813.29,14.13,36,133498.5,2027-12-25,1624505.54,21,1-30 DPD
L000517,A000790,C00602,B001,2024-09-04,4097408.12,15.23,12,370269.98,2025-09-04,0.0,0,Closed
L000518,A000791,C00881,B005,2026-07-09,2226687.58,10.35,24,103110.41,2028-07-09,2041130.28,0,Current
L000519,A000792,C00727,B005,2026-01-27,1336769.05,13.68,36,45480.11,2029-01-27,1039709.26,1,1-30 DPD
L000520,A000793,C00855,B008,2025-02-10,1459123.89,10.89,18,88229.84,2026-08-10,81062.44,0,Closed
L000521,A000794,C00186,B004,2024-12-13,2496604.61,15.24,12,225622.15,2025-12-13,75462.46,0,Closed
L000522,A000795,C00633,B001,2024-04-29,4353637.48,12.14,24,205225.59,2026-04-28,235469.5,0,Closed
L000523,A000797,C00860,B002,2025-06-19,2289812.51,14.6,36,78929.3,2028-06-19,1383363.7,53,31-60 DPD
L000524,A000798,C00217,B007,2025-06-02,4225705.25,13.0,6,731228.08,2025-12-02,1766182.39,0,Closed
L000525,A000799,C00386,B003,2024-03-25,3413518.31,10.61,36,111124.82,2027-03-25,602454.38,35,31-60 DPD
L000526,A000800,C00745,B006,2024-09-20,5060080.61,15.2,24,245827.44,2026-09-20,320363.5,0,Closed
L000527,A000801,C00455,B001,2024-05-24,1142206.71,10.26,12,100556.29,2025-05-24,118258.0,0,Closed
L000528,A000802,C00439,B001,2024-07-25,1106117.27,11.31,24,51713.08,2026-07-25,0.0,0,Closed
L000529,A000804,C00648,B004,2024-09-30,547681.2,11.65,18,33309.75,2026-03-28,110425.18,0,Closed
L000530,A000805,C00377,B004,2025-06-07,1861682.17,12.41,12,165765.49,2026-06-07,48097.33,0,Closed
L000531,A000806,C00771,B002,2026-01-12,2567441.08,14.48,12,231103.39,2027-01-12,1069767.12,31,31-60 DPD
L000532,A000807,C00731,B001,2025-12-01,5164737.32,15.27,18,322857.7,2027-06-01,2838198.03,53,31-60 DPD
L000533,A000808,C00684,B001,2026-04-20,4424255.4,14.06,18,274052.95,2027-10-20,3195295.57,10,1-30 DPD
L000534,A000810,C00452,B005,2024-06-30,21773016.48,15.11,18,1359432.44,2025-12-28,4481196.44,0,Closed
L000535,A000811,C00994,B008,2025-07-16,1884737.5,13.1,12,168428.06,2026-07-16,0.0,0,Closed
L000536,A000813,C00191,B008,2024-11-10,3775718.1,14.1,36,129228.55,2027-11-10,1743251.36,59,31-60 DPD
L000537,A000815,C00198,B004,2026-07-06,508680.35,10.85,18,30749.32,2028-01-06,452160.31,19,1-30 DPD
L000538,A000816,C00417,B002,2026-06-10,7861060.46,11.12,18,476176.31,2027-12-10,7424334.88,51,31-60 DPD
L000539,A000818,C00970,B002,2025-12-29,1619999.69,12.55,24,76675.77,2027-12-28,1012499.81,13,1-30 DPD
L000540,A000819,C00898,B001,2025-02-04,949266.77,11.7,24,44552.41,2027-02-04,252800.42,60,31-60 DPD
L000541,A000822,C00650,B001,2025-11-12,6416801.28,13.77,12,575451.9,2026-11-12,1309902.52,18,1-30 DPD
L000542,A000823,C00459,B002,2026-05-01,12787432.78,10.78,12,1128862.7,2027-05-01,8524955.19,26,1-30 DPD
L000543,A000824,C00573,B006,2024-05-05,673296.67,10.71,18,40656.69,2025-11-05,37405.37,0,Closed
L000544,A000826,C00195,B005,2025-07-22,1138148.43,10.12,12,100124.86,2026-07-22,43149.56,0,Closed
L000545,A000827,C00168,B008,2025-03-04,4979354.3,11.01,36,163041.25,2028-03-04,2627992.55,120,90+ DPD
L000546,A000828,C00497,B001,2026-07-04,451619.32,10.45,24,20933.86,2028-07-04,425040.84,50,31-60 DPD
L000547,A000829,C00228,B003,2025-10-30,1100359.33,10.22,6,188898.5,2026-04-28,89335.49,0,Closed
L000548,A000831,C00813,B008,2026-08-21,4718533.17,11.19,12,417450.09,2027-08-21,4325322.07,0,Current
L000549,A000832,C00799,B001,2026-08-13,1091363.5,14.19,24,52497.52,2028-08-13,1045890.02,0,Current
L000550,A000833,C00757,B004,2026-01-01,4318347.31,10.32,12,380294.33,2027-01-01,1833329.11,53,31-60 DPD
L000551,A000834,C00386,B003,2025-04-10,3583879.88,15.38,24,174418.07,2027-04-10,1091585.95,27,1-30 DPD
L000552,A000836,C00187,B004,2025-09-05,805543.19,11.6,36,26601.92,2028-09-05,537028.79,29,1-30 DPD
L000553,A000838,C00138,B005,2025-08-31,4904196.12,14.42,36,168615.95,2028-08-28,3133236.41,25,1-30 DPD
L000554,A000839,C00212,B003,2024-04-16,1915973.12,13.66,18,118322.78,2025-10-16,341743.96,0,Closed
L000555,A000840,C00397,B004,2024-09-26,1759922.84,14.71,12,158606.93,2025-09-26,376539.81,0,Closed
L000556,A000842,C00674,B001,2025-02-24,1105447.08,12.25,24,52166.39,2027-02-24,240598.13,32,31-60 DPD
L000557,A000843,C00899,B004,2025-11-19,729295.99,11.18,24,34051.89,2027-11-19,434535.15,29,1-30 DPD
L000558,A000844,C00832,B001,2024-03-21,493456.37,14.33,6,85714.13,2024-09-21,0.0,0,Closed
L000559,A000845,C00991,B006,2025-11-08,4904667.38,10.18,24,226733.21,2027-11-08,2861055.97,17,1-30 DPD
L000560,A000846,C00051,B005,2025-10-27,2890458.91,15.25,12,261229.05,2026-10-27,359521.24,23,1-30 DPD
L000561,A000848,C00849,B001,2025-01-14,10779217.23,11.66,24,505705.38,2027-01-14,2186245.53,27,1-30 DPD
L000562,A000849,C00097,B006,2024-06-09,5331222.95,13.04,18,327690.32,2025-12-09,0.0,0,Closed
L000563,A000851,C00090,B004,2026-03-30,12086725.74,14.89,18,753402.24,2027-09-28,8057817.16,28,1-30 DPD
L000564,A000852,C00200,B004,2024-04-12,9349580.56,10.08,12,822324.58,2025-04-12,779131.71,0,Closed
L000565,A000853,C00598,B005,2025-08-22,2395733.09,12.31,12,213205.57,2026-08-22,0.0,0,Closed
L000566,A000854,C00935,B003,2025-07-18,1065656.9,15.1,6,185513.21,2026-01-18,0.0,0,Closed
L000567,A000856,C00439,B001,2025-11-22,487789.3,15.38,24,23739.43,2027-11-22,284543.76,16,1-30 DPD
L000568,A000857,C00655,B006,2025-10-22,757841.87,10.69,12,66869.79,2026-10-22,63153.49,20,1-30 DPD
L000569,A000858,C00037,B006,2025-08-29,4514748.37,14.62,24,218090.79,2027-08-28,2069259.67,6,1-30 DPD
L000570,A000859,C00575,B005,2026-07-20,8949935.08,14.46,18,556067.91,2028-01-20,7955497.85,0,Current
L000571,A000860,C00719,B006,2025-05-16,2649022.99,12.09,12,235474.03,2026-05-16,383050.92,0,Closed
L000572,A000862,C00339,B001,2025-11-22,13383919.45,15.37,18,837285.4,2027-05-22,6376753.87,36,31-60 DPD
L000573,A000863,C00576,B006,2026-08-22,3480497.23,14.65,18,216557.2,2028-02-22,3287136.27,0,Current
L000574,A000864,C00031,B004,2025-07-07,6332929.04,12.21,36,210979.63,2028-07-07,3967172.09,53,31-60 DPD
L000575,A000865,C00258,B003,2026-02-02,3196146.38,13.53,12,286266.44,2027-02-02,1546209.8,58,31-60 DPD
L000576,A000866,C00611,B002,2025-03-04,7419953.27,12.46,6,1281987.97,2025-09-04,0.0,0,Closed
L000577,A000867,C00233,B006,2026-06-01,1440080.78,10.48,24,66771.91,2028-06-01,1260070.68,5,1-30 DPD
L000578,A000868,C00573,B001,2024-03-01,1701366.1,14.14,24,81800.06,2026-03-01,29037.13,0,Closed
L000579,A000869,C00143,B004,2026-03-22,1315264.1,11.9,12,116798.1,2027-03-22,709047.03,26,1-30 DPD
L000580,A000871,C00826,B001,2024-03-11,3062169.44,14.89,18,190874.3,2025-09-11,340241.05,0,Closed
L000581,A000872,C00818,B006,2024-12-19,1130722.99,10.87,36,36948.85,2027-12-19,478151.38,35,31-60 DPD
L000582,A000873,C00139,B006,2026-05-31,1207361.96,10.32,12,106326.07,2027-05-28,804907.97,14,1-30 DPD
L000583,A000874,C00737,B005,2024-10-04,1227979.17,15.04,18,76630.34,2026-04-04,98611.23,0,Closed
L000584,A000875,C00435,B001,2026-05-26,1024594.93,13.14,36,34591.78,2029-05-26,924165.14,57,31-60 DPD
L000585,A000877,C00515,B006,2024-04-22,10110388.4,13.48,6,1751932.54,2024-10-22,1685064.73,0,Closed
L000586,A000878,C00244,B002,2024-06-01,2064743.05,12.49,18,126382.74,2025-12-01,0.0,0,Closed
L000587,A000879,C00199,B006,2026-01-11,8520892.23,10.53,18,513821.73,2027-07-11,4733829.02,10,1-30 DPD
L000588,A000880,C00496,B001,2025-11-02,854741.05,11.27,12,75651.12,2026-11-02,142456.84,24,1-30 DPD
L000589,A000881,C00932,B006,2024-07-01,8817039.54,10.37,12,776675.94,2025-07-01,1129354.84,0,Closed
L000590,A000882,C00253,B004,2024-04-08,3681926.72,14.62,24,177860.25,2026-04-08,222895.78,0,Closed
L000591,A000883,C00659,B003,2025-09-22,13911447.26,14.09,12,1249657.93,2026-09-22,3586557.98,0,Closed
L000592,A000886,C00555,B001,2026-07-17,2326150.93,13.44,12,208245.96,2027-07-17,1938459.11,0,Current
L000593,A000888,C00125,B002,2026-05-31,1191359.42,11.12,24,55593.08,2028-05-28,992799.52,9,1-30 DPD
L000594,A000891,C00784,B005,2025-09-12,640841.2,10.51,24,29722.64,2027-09-12,320420.6,2,1-30 DPD
L000595,A000893,C00363,B001,2026-02-19,3104253.19,15.11,36,107777.25,2029-02-19,2530718.38,28,1-30 DPD
L000596,A000894,C00490,B002,2024-03-07,3853771.68,12.33,24,182004.88,2026-03-07,89898.67,0,Closed
L000597,A000895,C00181,B007,2026-01-28,431205.26,11.76,24,20250.03,2028-01-28,305437.06,90,61-90 DPD
L000598,A000896,C00524,B001,2025-02-28,2215737.98,13.62,12,198548.78,2026-02-28,210947.27,0,Closed
L000599,A000897,C00523,B004,2024-08-31,4278665.44,13.04,36,144247.6,2027-08-28,1400882.25,43,31-60 DPD
L000600,A000899,C00613,B008,2024-03-01,1815396.22,12.49,24,85873.01,2026-03-01,117533.01,0,Closed
L000601,A000900,C00198,B001,2024-05-14,1907625.81,14.77,36,65913.82,2027-05-14,504032.8,57,31-60 DPD
L000602,A000901,C00534,B007,2025-05-25,5131041.72,13.99,18,317665.3,2026-11-25,1007702.88,60,31-60 DPD
L000603,A000902,C00810,B003,2025-01-13,2390433.78,12.93,24,113567.0,2027-01-13,450666.86,55,31-60 DPD
L000604,A000903,C00321,B002,2024-04-22,851152.31,15.11,12,76867.76,2025-04-22,70929.36,0,Closed
L000605,A000904,C00429,B003,2024-09-03,2362761.52,11.21,6,406768.76,2025-03-03,0.0,0,Closed
L000606,A000905,C00544,B008,2024-05-09,9241083.73,13.7,6,1602305.82,2024-11-09,0.0,0,Closed
L000607,A000906,C00200,B004,2026-04-19,1901717.07,11.22,24,88829.29,2028-04-19,1584764.23,42,31-60 DPD
L000608,A000907,C00689,B005,2026-02-25,3908352.78,10.4,12,344333.82,2027-02-25,1747232.6,58,31-60 DPD
L000609,A000908,C00157,B004,2026-02-05,5277800.91,10.12,12,464297.16,2027-02-05,2199083.71,22,1-30 DPD
L000610,A000910,C00831,B007,2025-07-30,1861286.38,12.94,12,166192.64,2026-07-28,243557.69,0,Closed
L000611,A000911,C00618,B001,2026-03-20,2794089.16,12.89,18,171546.69,2027-09-20,1862726.11,5,1-30 DPD
L000612,A000913,C00969,B005,2025-06-23,4160293.7,11.94,12,369520.29,2026-06-23,188585.79,0,Closed
L000613,A000915,C00422,B002,2024-09-15,14515829.54,12.61,6,2509060.02,2025-03-15,2419304.92,0,Closed
L000614,A000916,C00160,B007,2024-11-02,5510024.3,14.18,18,341619.05,2026-05-02,693457.17,0,Closed
L000615,A000917,C00674,B001,2025-03-21,699001.32,14.63,24,33769.48,2027-03-21,174750.33,14,1-30 DPD
L000616,A000918,C00328,B008,2024-06-04,624518.71,11.61,12,55373.85,2025-06-04,28747.13,0,Closed
L000617,A000919,C00028,B006,2024-12-13,454139.46,11.25,18,27536.4,2026-06-13,66325.82,0,Closed
L000618,A000920,C00615,B006,2025-08-26,2554468.41,14.65,18,158939.51,2027-02-26,1055147.04,90,61-90 DPD
L000619,A000921,C00813,B008,2024-11-28,3998077.06,11.88,36,132564.34,2027-11-28,1582126.95,45,31-60 DPD
L000620,A000924,C00883,B003,2026-03-05,10044036.8,12.89,36,337891.38,2029-03-05,8445310.22,32,31-60 DPD
L000621,A000929,C00402,B008,2025-03-24,8781311.32,11.89,24,412915.87,2027-03-24,3091679.39,98,90+ DPD
L000622,A000932,C00074,B006,2025-07-20,6205535.92,13.43,24,296277.4,2027-07-20,2690406.21,60,31-60 DPD
L000623,A000933,C00893,B008,2024-07-13,7045513.99,12.66,12,628162.79,2025-07-13,414451.54,0,Closed
L000624,A000934,C00417,B001,2024-08-11,3329668.99,10.46,6,571997.72,2025-02-11,554944.83,0,Closed
L000625,A000935,C00991,B001,2024-11-14,8590008.99,11.64,18,522400.97,2026-05-14,477222.72,0,Closed
L000626,A000939,C00937,B004,2024-10-17,4214257.9,12.38,36,140739.77,2027-10-17,1573094.08,46,31-60 DPD
L000627,A000940,C00869,B002,2025-05-03,1257495.68,10.91,36,41115.22,2028-05-03,728984.89,46,31-60 DPD
L000628,A000941,C00024,B004,2025-01-14,4034086.59,10.14,12,354923.03,2026-01-14,498602.25,0,Closed
L000629,A000944,C00781,B001,2024-03-07,1246373.72,13.18,36,42103.4,2027-03-07,242350.45,85,61-90 DPD
L000630,A000945,C00080,B006,2026-03-12,3967961.21,14.03,24,190569.5,2028-03-12,2975970.91,7,1-30 DPD
L000631,A000946,C00807,B004,2024-04-10,2111670.87,14.01,18,130754.36,2025-10-10,235552.47,0,Closed
L000632,A000947,C00598,B005,2025-11-14,8664833.69,10.93,18,524102.63,2027-05-14,3851037.2,23,1-30 DPD
L000633,A000948,C00018,B001,2024-07-10,1687697.72,15.45,6,294093.38,2025-01-10,58071.65,0,Closed
L000634,A000950,C00605,B006,2026-02-05,8973034.58,12.69,12,800142.54,2027-02-05,4486517.29,31,31-60 DPD
L000635,A000951,C00895,B006,2024-09-05,12171966.12,15.01,12,1098678.56,2025-09-05,0.0,0,Closed
L000636,A000953,C00548,B006,2026-09-19,2251173.34,11.07,18,136310.62,2028-03-19,2251173.34,0,Current
L000637,A000954,C00311,B001,2025-08-12,4671514.26,10.77,24,217230.68,2027-08-12,2141110.7,2,1-30 DPD
L000638,A000955,C00602,B002,2026-03-10,1643005.02,12.94,36,55311.86,2029-03-10,1369170.85,30,1-30 DPD
L000639,A000956,C00131,B005,2024-06-26,521529.49,14.31,18,32366.4,2025-12-26,0.0,0,Closed
L000640,A000957,C00528,B003,2026-08-07,6719082.6,11.76,12,596228.23,2027-08-07,6159159.05,10,1-30 DPD
L000641,A000959,C00563,B003,2024-12-06,5046313.37,10.24,36,163399.54,2027-12-06,2157285.36,47,31-60 DPD
L000642,A000960,C00612,B007,2026-09-01,8298010.99,11.03,12,733508.1,2027-09-01,8298010.99,0,Current
L000643,A000961,C00767,B004,2025-02-09,607109.61,14.37,6,105467.91,2025-08-09,25748.65,0,Closed
L000644,A000964,C00133,B002,2025-05-03,988788.71,14.39,12,88962.03,2026-05-03,27501.7,0,Closed
L000645,A000965,C00825,B002,2026-09-06,392537.48,11.67,12,34815.91,2027-09-06,392537.48,0,Current
L000646,A000967,C00978,B004,2025-09-29,892661.48,12.32,18,54569.11,2027-03-28,297553.83,3,1-30 DPD
L000647,A000969,C00436,B001,2025-02-23,1116638.45,12.72,24,52940.29,2027-02-23,295995.88,55,31-60 DPD
L000648,A000970,C00392,B006,2025-05-24,1048678.41,11.51,24,49125.31,2027-05-24,393254.4,60,31-60 DPD
L000649,A000975,C00224,B002,2024-08-18,2177917.68,13.63,18,134468.85,2026-02-18,0.0,0,Closed
L000650,A000976,C00626,B004,2026-04-16,3008134.88,14.59,12,270927.54,2027-04-16,1862177.37,25,1-30 DPD
L000651,A000978,C00652,B006,2025-02-22,17816710.73,14.76,12,1606089.21,2026-02-22,1833213.26,0,Closed
L000652,A000979,C00230,B005,2025-01-14,492890.18,13.4,12,44116.16,2026-01-14,0.0,0,Closed
L000653,A000980,C00936,B006,2024-08-21,3361434.39,10.32,12,296024.0,2025-08-21,587689.01,0,Closed
L000654,A000981,C00159,B002,2024-06-18,4886458.03,13.87,18,302248.31,2025-12-18,271469.89,0,Closed
L000655,A000982,C00785,B005,2026-01-04,437710.73,12.47,24,20700.77,2028-01-04,291807.15,0,Current
L000656,A000984,C00600,B002,2024-03-02,1151829.11,13.07,36,38848.52,2027-03-02,258575.72,57,31-60 DPD
L000657,A000986,C00044,B005,2026-07-04,7959843.9,10.89,12,703095.85,2027-07-04,7296523.58,57,31-60 DPD
L000658,A000987,C00896,B006,2024-04-23,1951390.23,11.2,18,118275.87,2025-10-23,164723.95,0,Closed
L000659,A000988,C00625,B001,2026-05-24,11473154.24,10.61,36,373500.92,2029-05-24,10198359.32,20,1-30 DPD
L000660,A000990,C00800,B007,2025-05-21,2723276.65,12.89,12,243095.13,2026-05-21,453879.44,0,Closed
L000661,A000991,C00216,B003,2026-03-13,10396642.7,11.22,18,630248.0,2027-09-13,6931095.13,10,1-30 DPD
L000662,A000993,C00113,B008,2025-11-08,9923376.44,12.37,12,883398.53,2026-11-08,4450374.33,120,90+ DPD
L000663,A000994,C00178,B005,2025-05-14,9801861.49,12.71,12,874142.5,2026-05-14,1099257.59,0,Closed
L000664,A000995,C00384,B004,2025-12-02,7695385.31,15.2,12,695298.94,2026-12-02,2337064.17,29,1-30 DPD
L000665,A000996,C00498,B003,2025-01-29,1426309.23,13.2,18,87776.42,2026-07-28,216221.82,0,Closed
L000666,A000998,C00748,B002,2025-06-03,1873661.88,14.8,24,90669.64,2027-06-03,744519.94,35,31-60 DPD
L000667,A000999,C00962,B003,2026-03-19,821273.78,14.98,6,142921.26,2026-09-19,0.0,0,Closed
L000668,A001000,C00449,B001,2025-05-06,2819475.96,10.27,18,169680.22,2026-11-06,517321.79,60,31-60 DPD
L000669,A001002,C00246,B006,2026-04-09,8269988.62,12.37,18,505743.4,2027-10-09,6432213.37,31,31-60 DPD
L000670,A001003,C00840,B001,2025-10-09,4606449.89,14.43,6,800375.81,2026-04-09,0.0,0,Closed
L000671,A001006,C00186,B004,2026-02-01,1634976.49,11.52,12,144898.81,2027-02-01,681240.2,0,Current
L000672,A001010,C00219,B004,2024-07-29,1494587.96,12.06,12,132834.28,2025-07-28,40544.29,0,Closed
L000673,A001011,C00440,B003,2025-07-17,791960.49,10.46,18,47730.74,2027-01-17,289331.74,120,90+ DPD
L000674,A001012,C00332,B006,2026-07-24,1350460.12,10.22,12,118865.12,2027-07-24,1125383.43,0,Current
L000675,A001014,C00495,B005,2024-07-31,8871332.1,13.32,6,1536525.6,2025-01-28,0.0,0,Closed
L000676,A001015,C00046,B002,2025-12-13,2443237.39,14.39,24,117757.52,2027-12-13,1667405.01,31,31-60 DPD
L000677,A001016,C00928,B002,2024-02-06,2830630.06,12.67,24,134134.97,2026-02-06,235885.84,0,Closed
L000678,A001018,C00180,B001,2026-08-21,3600656.78,11.87,24,169276.91,2028-08-21,3450629.41,23,1-30 DPD
L000679,A001019,C00586,B001,2025-06-25,1324849.64,15.35,18,82868.86,2026-12-25,259671.91,20,1-30 DPD
L000680,A001022,C00593,B001,2024-12-31,13751577.57,15.27,18,859637.67,2026-06-28,1252427.64,0,Closed
L000681,A001023,C00915,B001,2024-10-05,467811.98,10.15,6,80293.06,2025-04-05,20784.05,0,Closed
L000682,A001024,C00459,B002,2024-05-18,16943087.43,14.51,36,583280.26,2027-05-18,4905022.05,60,31-60 DPD
L000683,A001025,C00864,B002,2025-12-10,2453910.35,10.86,24,114212.02,2027-12-10,1566635.19,14,1-30 DPD
L000684,A001026,C00463,B003,2025-06-11,467100.05,12.11,36,15538.96,2028-06-11,272475.03,26,1-30 DPD
L000685,A001027,C00743,B004,2025-07-29,1479968.07,14.41,6,257131.43,2026-01-28,0.0,0,Closed
L000686,A001028,C00736,B005,2025-03-16,685792.42,10.78,6,117919.26,2025-09-16,0.0,0,Closed
L000687,A001031,C00070,B005,2026-08-30,2934184.55,13.69,6,508741.92,2027-02-28,2445153.79,0,Current
L000688,A001033,C00367,B007,2025-09-23,2745182.66,10.04,24,126726.94,2027-09-23,1406640.54,43,31-60 DPD
L000689,A001034,C00054,B002,2025-09-16,2890373.01,11.24,18,175242.15,2027-03-16,1343671.28,45,31-60 DPD
L000690,A001035,C00725,B002,2024-01-20,534771.98,12.89,12,47736.78,2025-01-20,61591.59,0,Closed
L000691,A001036,C00494,B001,2025-02-18,3073979.36,11.82,18,187200.63,2026-08-18,341553.26,0,Closed
L000692,A001042,C00332,B006,2024-07-22,2019053.97,13.48,24,96445.35,2026-07-22,182767.96,0,Closed
L000693,A001043,C00370,B005,2024-10-26,680664.71,15.04,18,42475.94,2026-04-26,135753.94,0,Closed
L000694,A001044,C00666,B001,2025-01-23,2302719.13,14.65,18,143275.63,2026-07-23,338985.91,0,Closed
L000695,A001045,C00300,B006,2025-09-01,3772394.62,10.17,18,226854.4,2027-03-01,1257464.87,16,1-30 DPD
L000696,A001046,C00344,B006,2024-06-28,2881992.16,14.04,6,500192.27,2024-12-28,154792.93,0,Closed
L000697,A001048,C00130,B002,2024-06-17,8477761.73,13.8,6,1470373.81,2024-12-17,0.0,0,Closed
L000698,A001050,C00851,B004,2026-06-18,21402048.68,11.95,12,1901045.53,2027-06-18,16051536.51,0,Current
L000699,A001051,C00530,B002,2024-07-20,5553067.94,10.35,36,180095.77,2027-07-20,1851022.65,120,90+ DPD
L000700,A001052,C00904,B003,2025-11-01,1946651.62,12.22,12,173158.05,2026-11-01,575847.6,91,90+ DPD
L000701,A001053,C00926,B007,2026-06-10,5659041.17,11.5,36,186612.58,2029-06-10,5187454.41,0,Current
L000702,A001054,C00020,B007,2025-05-16,4690471.77,12.01,6,809356.42,2025-11-16,781745.29,0,Closed
L000703,A001056,C00610,B001,2024-10-26,1312890.03,11.89,6,226465.67,2025-04-26,0.0,0,Closed
L000704,A001058,C00338,B006,2024-11-23,2517962.5,12.48,24,119094.44,2026-11-23,261428.95,30,1-30 DPD
L000705,A001060,C00737,B005,2025-08-19,690236.36,10.32,36,22375.83,2028-08-19,476247.36,120,90+ DPD
L000706,A001061,C00501,B006,2026-01-12,3428467.06,10.98,36,112211.14,2029-01-12,2666585.49,0,Current
L000707,A001062,C00063,B004,2025-01-27,2032396.3,13.26,18,125132.54,2026-07-27,192197.05,0,Closed
L000708,A001064,C00957,B002,2024-12-30,2653931.05,11.77,24,124644.89,2026-12-28,442321.84,60,31-60 DPD
L000709,A001065,C00023,B003,2026-05-07,960147.79,11.8,12,85218.16,2027-05-07,640098.53,7,1-30 DPD
L000710,A001066,C00726,B006,2025-01-22,6826342.1,11.83,6,1177300.79,2025-07-22,1137723.68,0,Closed
L000711,A001067,C00692,B003,2025-02-27,1085814.03,12.26,24,51244.97,2027-02-27,301079.02,60,31-60 DPD
L000712,A001068,C00078,B001,2026-05-19,2369150.42,10.23,12,208539.48,2027-05-19,1656268.13,50,31-60 DPD
L000713,A001072,C00431,B004,2024-04-09,7295316.91,13.41,24,348239.25,2026-04-09,1504264.89,0,Closed
L000714,A001073,C00784,B005,2026-06-06,497119.24,15.04,12,44878.53,2027-06-06,372839.43,14,1-30 DPD
L000715,A001075,C00643,B001,2025-02-17,22185513.28,15.12,18,1385291.79,2026-08-17,1232528.52,0,Closed
L000716,A001077,C00051,B005,2026-09-23,4392781.77,14.51,24,211970.02,2028-09-23,4392781.77,0,Current
L000717,A001078,C00397,B004,2024-02-22,4367485.23,14.24,18,270905.05,2025-08-22,267762.56,0,Closed
L000718,A001079,C00442,B007,2025-10-01,2364662.77,14.35,12,212705.87,2026-10-01,391853.02,52,31-60 DPD
L000719,A001080,C00017,B006,2025-07-13,1895231.81,14.65,12,170747.58,2026-07-13,473807.95,0,Closed
L000720,A001081,C00508,B001,2026-04-01,2969597.99,14.66,18,184782.91,2027-10-01,2233329.21,20,1-30 DPD
L000721,A001084,C00031,B004,2024-12-06,3024350.29,12.47,36,101131.97,2027-12-06,1596184.88,120,90+ DPD
L000722,A001085,C00322,B003,2025-02-12,9798085.12,13.47,24,467984.8,2027-02-12,2041267.73,30,1-30 DPD
L000723,A001086,C00058,B004,2024-10-08,4982627.22,13.01,36,167908.4,2027-10-08,2019735.75,33,31-60 DPD
L000724,A001087,C00378,B004,2024-05-03,7913824.98,10.56,12,697813.8,2025-05-03,659485.42,0,Closed
L000725,A001088,C00871,B002,2024-05-31,18610561.56,10.31,24,861448.23,2026-05-28,1510677.5,0,Closed
L000726,A001089,C00627,B003,2026-04-27,1259619.71,14.84,12,113596.07,2027-04-27,734778.16,11,1-30 DPD
L000727,A001091,C00390,B006,2026-04-05,2937987.83,10.45,24,136184.25,2028-04-05,2325907.03,9,1-30 DPD
L000728,A001092,C00128,B001,2026-04-24,722595.01,11.79,12,64130.73,2027-04-24,421513.76,1,1-30 DPD
L000729,A001094,C00944,B001,2024-09-21,3445106.64,13.81,18,212997.77,2026-03-21,79678.66,0,Closed
L000730,A001095,C00827,B004,2024-11-21,1528622.18,14.47,18,94981.92,2026-05-21,139996.45,0,Closed
L000731,A001096,C00970,B002,2025-12-03,1969426.05,11.1,24,91882.15,2027-12-03,1230891.28,15,1-30 DPD
L000732,A001097,C00629,B001,2026-09-10,1483800.33,15.43,24,72248.01,2028-09-10,1483800.33,0,Current
L000733,A001098,C00018,B002,2026-03-06,1012235.17,14.18,36,34684.36,2029-03-06,843529.31,0,Current
L000734,A001100,C00614,B003,2025-02-08,7470740.13,14.51,24,360494.33,2027-02-08,2323242.48,90,61-90 DPD
L000735,A001101,C00055,B004,2024-01-20,9027591.31,10.92,36,295209.86,2027-01-20,2530775.99,120,90+ DPD
L000736,A001102,C00455,B001,2026-07-17,421527.54,15.05,24,20448.47,2028-07-17,386400.24,1,1-30 DPD
L000737,A001106,C00712,B006,2025-06-12,740380.7,10.21,36,23963.07,2028-06-12,480645.17,120,90+ DPD
L000738,A001108,C00400,B007,2025-04-06,3375402.65,11.18,24,157602.45,2027-04-06,1013206.53,57,31-60 DPD
L000739,A001109,C00026,B006,2025-09-12,1723538.55,13.61,36,58580.52,2028-09-12,1244777.84,110,90+ DPD
L000740,A001112,C00684,B001,2024-12-15,2952667.15,15.32,36,102818.48,2027-12-15,1313790.31,27,1-30 DPD
L000741,A001113,C00876,B001,2025-12-07,6089455.27,14.11,24,292688.85,2027-12-07,4139487.56,35,31-60 DPD
L000742,A001116,C00539,B004,2024-05-21,2341190.96,13.71,24,112086.85,2026-05-21,0.0,0,Closed
L000743,A001117,C00245,B004,2024-12-05,14506895.03,10.79,6,2494474.09,2025-06-05,0.0,0,Closed
L000744,A001119,C00598,B005,2025-10-17,8118088.03,12.32,12,722498.12,2026-10-17,1396405.82,55,31-60 DPD
L000745,A001121,C00620,B001,2025-06-20,1073084.26,14.03,12,96364.29,2026-06-20,0.0,0,Closed
L000746,A001122,C00544,B008,2024-03-13,6356404.83,13.86,12,570304.64,2025-03-13,823351.74,0,Closed
L000747,A001123,C00990,B007,2024-02-10,7024067.95,13.15,18,432103.81,2025-08-10,959912.72,0,Closed
L000748,A001125,C00836,B005,2025-04-23,406325.94,13.62,6,70436.51,2025-10-23,171159.81,0,Closed
L000749,A001126,C00403,B004,2024-04-30,3416786.67,15.33,18,213686.54,2025-10-28,261305.52,0,Closed
L000750,A001127,C00761,B002,2024-07-07,6053856.73,11.13,18,366734.67,2026-01-07,542233.94,0,Closed
L000751,A001128,C00535,B001,2025-11-04,3571542.78,10.23,36,115629.69,2028-11-04,2678657.08,60,31-60 DPD
L000752,A001129,C00564,B008,2025-05-15,715112.04,14.55,18,44460.81,2026-11-15,158913.79,120,90+ DPD
L000753,A001130,C00749,B006,2024-04-22,2101729.63,12.03,36,69837.62,2027-04-22,452102.36,23,1-30 DPD
L000754,A001131,C00899,B004,2024-03-12,1860045.3,13.18,36,62833.66,2027-03-12,455495.38,60,31-60 DPD
L000755,A001132,C00279,B004,2025-11-04,2473967.0,10.15,12,217673.63,2026-11-04,499734.47,57,31-60 DPD
L000756,A001134,C00261,B008,2024-10-01,2345429.14,14.73,12,211395.77,2025-10-01,195452.43,0,Closed
L000757,A001135,C00103,B006,2024-04-29,625068.53,14.03,24,30020.2,2026-04-28,61707.89,0,Closed
L000758,A001136,C00670,B004,2026-01-08,3196715.28,15.09,24,155134.74,2028-01-08,2210718.61,37,31-60 DPD
L000759,A001138,C00415,B002,2026-02-19,930881.1,10.68,18,56197.9,2027-08-19,568871.78,0,Current
L000760,A001141,C00981,B002,2026-03-17,21110683.19,10.61,24,980105.23,2028-03-17,20231071.39,90,61-90 DPD
L000761,A001145,C00704,B002,2026-07-26,2471390.06,13.42,12,221225.11,2027-07-26,2059491.72,29,1-30 DPD
L000762,A001147,C00375,B004,2024-05-03,2950115.11,13.86,24,141448.5,2026-05-03,277710.58,0,Closed
L000763,A001148,C00243,B002,2025-10-13,1796503.97,13.72,24,86017.89,2027-10-13,1165378.23,90,61-90 DPD
L000764,A001149,C00284,B001,2024-03-08,6501268.51,14.7,24,314298.85,2026-03-08,0.0,0,Closed
L000765,A001151,C00832,B005,2026-06-11,1314515.64,10.49,12,115866.59,2027-06-11,1048582.4,45,31-60 DPD
L000766,A001153,C00674,B001,2024-01-25,2505879.66,12.05,18,152871.88,2025-07-25,318318.37,0,Closed
L000767,A001154,C00602,B003,2025-08-07,5226207.71,10.3,24,241887.26,2027-08-07,2395345.2,21,1-30 DPD
L000768,A001155,C00244,B002,2026-01-16,709764.6,14.32,24,34185.24,2028-01-16,473176.4,28,1-30 DPD
L000769,A001157,C00482,B001,2025-03-28,1039620.77,11.59,36,34327.06,2028-03-28,541998.16,46,31-60 DPD
L000770,A001158,C00612,B007,2024-06-21,5730761.53,14.53,24,276587.42,2026-06-21,477563.46,0,Closed
L000771,A001159,C00665,B002,2025-10-26,986707.11,11.4,12,87391.02,2026-10-26,82225.59,17,1-30 DPD
L000772,A001160,C00341,B001,2025-03-15,1383234.78,13.59,6,239762.87,2025-09-15,230539.13,0,Closed
L000773,A001162,C00912,B001,2025-12-24,2466203.08,10.4,18,148567.57,2027-06-24,1233101.54,18,1-30 DPD
L000774,A001165,C00003,B003,2025-05-24,6234963.81,11.74,18,379468.25,2026-11-24,1109795.06,59,31-60 DPD
L000775,A001166,C00465,B002,2025-10-18,6193479.2,10.04,18,372076.35,2027-04-18,2752657.42,120,90+ DPD
L000776,A001167,C00531,B005,2024-07-08,16245590.13,12.95,6,2810781.31,2025-01-08,0.0,0,Closed
L000777,A001168,C00014,B006,2026-05-08,1498425.94,11.3,36,49269.7,2029-05-08,1354361.38,38,31-60 DPD
L000778,A001171,C00704,B002,2026-03-02,2632839.65,15.41,6,458738.83,2026-09-02,438806.61,0,Closed
L000779,A001172,C00556,B001,2024-04-08,18980947.94,13.65,18,1172098.01,2025-10-08,3109782.89,0,Closed
L000780,A001174,C00619,B001,2025-08-12,9312426.4,12.63,18,570619.89,2027-02-12,3104142.13,49,31-60 DPD
L000781,A001175,C00376,B001,2025-05-14,2676007.8,12.87,6,462891.9,2025-11-14,127731.28,0,Closed
L000782,A001178,C00700,B001,2024-02-01,3325930.62,11.6,36,109834.16,2027-02-01,727719.36,91,90+ DPD
L000783,A001179,C00656,B005,2025-03-29,2608937.37,12.34,36,87078.33,2028-03-28,1323161.44,38,31-60 DPD
L000784,A001180,C00265,B001,2024-04-16,2150666.52,15.12,24,104401.27,2026-04-16,219680.36,0,Closed
L000785,A001181,C00245,B004,2025-10-04,19449122.82,15.17,24,944594.43,2027-10-04,10704876.41,19,1-30 DPD
L000786,A001182,C00923,B007,2024-01-22,1098459.53,11.35,18,66655.11,2025-07-22,58518.22,0,Closed
L000787,A001184,C00262,B006,2025-08-23,7092672.72,14.25,12,637665.25,2026-08-23,718859.97,0,Closed
L000788,A001186,C00228,B001,2025-01-17,725484.53,10.72,18,43811.38,2026-07-17,40304.7,0,Closed
L000789,A001187,C00899,B004,2024-06-22,1710499.25,13.25,12,152977.83,2025-06-22,285083.21,0,Closed
L000790,A001188,C00843,B006,2025-08-01,2945631.46,15.27,12,266243.16,2026-08-01,0.0,0,Closed
L000791,A001189,C00396,B001,2025-09-08,4241575.34,10.59,12,374066.77,2026-09-08,353464.61,0,Closed
L000792,A001191,C00555,B006,2024-12-25,2047797.04,10.16,12,180186.32,2025-12-25,47804.07,0,Closed
L000793,A001192,C00959,B002,2026-07-24,5387407.22,10.84,36,175968.88,2029-07-24,5151272.83,56,31-60 DPD
L000794,A001193,C00529,B001,2026-06-01,10336686.58,13.0,12,923244.69,2027-06-01,8613905.48,31,31-60 DPD
L000795,A001194,C00420,B005,2024-06-05,485302.79,15.41,36,16920.78,2027-06-05,141969.58,60,31-60 DPD
L000796,A001196,C00070,B005,2024-07-01,2520925.93,14.15,36,86343.05,2027-07-01,765119.48,29,1-30 DPD
L000797,A001197,C00558,B006,2025-06-03,8379044.56,14.78,36,289560.43,2028-06-03,5077602.22,47,31-60 DPD
L000798,A001198,C00363,B005,2026-05-24,2221943.81,10.6,6,381857.06,2026-11-24,740647.94,0,Current
L000799,A001199,C00554,B002,2024-03-05,2000643.15,13.29,36,67689.37,2027-03-05,693082.91,120,90+ DPD
L000800,A001200,C00861,B008,2024-02-22,620351.72,15.06,6,107980.64,2024-08-22,103391.95,0,Closed
L000801,A001201,C00215,B002,2024-08-21,12280327.66,10.1,18,738086.18,2026-02-21,1102248.21,0,Closed
L000802,A001202,C00720,B003,2024-06-11,4992646.64,11.49,36,164613.8,2027-06-11,1664215.55,120,90+ DPD
L000803,A001203,C00980,B004,2025-11-24,11584231.25,11.49,12,1026483.16,2026-11-24,2896057.81,68,61-90 DPD
L000804,A001204,C00178,B005,2024-06-03,20622552.2,15.18,18,1288281.21,2025-12-03,1145697.34,0,Closed
L000805,A001206,C00808,B001,2026-02-09,8218378.81,13.2,12,734814.58,2027-02-09,3424324.5,30,1-30 DPD
L000806,A001207,C00665,B001,2024-05-04,1889860.48,12.86,18,116003.97,2025-11-04,137462.89,0,Closed
L000807,A001210,C00245,B004,2025-09-05,15701687.44,14.14,12,1410843.78,2026-09-05,2616947.91,0,Closed
L000808,A001211,C00967,B006,2026-09-25,7117766.97,14.76,24,344305.59,2028-09-25,7117766.97,0,Current
L000809,A001213,C00470,B001,2025-11-22,1819943.33,13.63,24,87062.95,2027-11-22,1085732.38,60,31-60 DPD
L000810,A001214,C00684,B003,2025-06-07,2630812.67,12.67,18,161252.34,2026-12-07,584625.04,31,31-60 DPD
L000811,A001215,C00647,B001,2024-12-01,6645295.31,14.52,36,228802.38,2027-12-01,2953464.58,31,31-60 DPD
L000812,A001216,C00919,B007,2026-08-25,2333295.76,13.69,24,111686.85,2028-08-25,2236075.1,24,1-30 DPD
L000813,A001217,C00645,B001,2026-05-29,2724302.08,12.05,24,128305.98,2028-05-28,2270251.73,6,1-30 DPD
L000814,A001219,C00756,B003,2024-11-07,2119618.19,13.13,24,100899.99,2026-11-07,309851.73,120,90+ DPD
L000815,A001222,C00821,B006,2024-08-14,12291392.57,13.56,24,587593.5,2026-08-14,390130.16,0,Closed
L000816,A001223,C00787,B001,2026-03-18,630049.09,13.56,24,30119.68,2028-03-18,472536.82,0,Current
L000817,A001224,C00539,B001,2025-11-16,2524987.7,13.78,18,156074.87,2027-05-16,1324389.35,45,31-60 DPD
L000818,A001226,C00056,B003,2026-01-15,12191605.44,13.57,36,414138.53,2029-01-15,9482359.79,27,1-30 DPD
L000819,A001227,C00298,B001,2026-06-25,2579977.41,13.91,12,231539.5,2027-06-25,1995471.71,18,1-30 DPD
L000820,A001228,C00079,B005,2025-05-19,13068414.5,10.08,24,603523.68,2027-05-19,4356138.17,17,1-30 DPD
L000821,A001229,C00775,B001,2024-02-19,5733454.01,13.65,36,194982.64,2027-02-19,796313.06,8,1-30 DPD
L000822,A001230,C00774,B004,2024-02-20,1821275.51,14.77,18,113422.84,2025-08-20,229900.81,0,Closed
L000823,A001231,C00413,B006,2025-10-06,2688376.0,14.08,36,91986.81,2028-10-06,2046462.81,120,90+ DPD
L000824,A001232,C00594,B004,2024-03-27,3769893.48,10.56,18,227382.06,2025-09-27,209438.53,0,Closed
L000825,A001233,C00301,B004,2025-07-30,1176342.86,15.12,24,57104.01,2027-07-28,604588.85,120,90+ DPD
L000826,A001241,C00463,B001,2026-04-26,476672.22,12.19,24,22480.93,2028-04-26,377365.51,0,Current
L000827,A001242,C00010,B007,2026-06-11,4591206.94,13.14,18,282418.6,2027-12-11,3826005.78,6,1-30 DPD
L000828,A001247,C00628,B005,2024-12-22,8169212.19,15.11,36,283628.68,2027-12-22,3912407.38,120,90+ DPD
L000829,A001249,C00189,B002,2024-05-20,4356972.15,15.06,18,271931.83,2025-11-20,242054.01,0,Closed
L000830,A001251,C00877,B005,2026-03-26,573654.84,12.51,18,35118.7,2027-09-26,410721.38,37,31-60 DPD
L000831,A001253,C00569,B005,2024-03-15,2749161.2,14.17,12,247059.21,2025-03-15,434056.01,0,Closed
L000832,A001254,C00747,B001,2026-06-26,1178981.31,14.0,6,204598.06,2026-12-26,589490.66,0,Current
L000833,A001256,C00177,B006,2025-06-04,1799995.59,13.95,24,86380.47,2027-06-04,781440.03,40,31-60 DPD
L000834,A001257,C00495,B005,2026-05-21,7367888.95,12.93,6,1274705.32,2026-11-21,2455962.98,0,Current
L000835,A001259,C00370,B005,2024-08-29,1219141.85,11.69,18,74170.33,2026-02-28,67730.1,0,Closed
L000836,A001261,C00722,B004,2026-09-06,3460473.5,13.15,18,212880.03,2028-03-06,3460473.5,0,Current
L000837,A001263,C00325,B004,2025-05-21,18982671.71,10.48,12,1673119.16,2026-05-21,3163778.62,0,Closed
L000838,A001264,C00199,B006,2024-05-30,4398150.78,14.55,18,273447.15,2025-11-28,0.0,0,Closed
L000839,A001265,C00354,B002,2025-02-01,2415695.4,14.03,6,419250.85,2025-08-01,0.0,0,Closed
L000840,A001266,C00391,B006,2025-04-04,3930931.43,14.84,12,354502.52,2026-04-04,655155.24,0,Closed
L000841,A001267,C00608,B001,2026-04-16,10595351.82,13.35,12,948088.68,2027-04-16,6180621.9,9,1-30 DPD
L000842,A001268,C00133,B002,2025-01-18,777933.2,14.26,36,26686.26,2028-01-18,345748.09,22,1-30 DPD
L000843,A001269,C00769,B001,2024-09-21,5944864.23,11.68,24,278957.84,2026-09-21,363399.25,0,Closed
L000844,A001270,C00210,B001,2024-08-10,10299697.11,14.02,12,924877.04,2025-08-10,0.0,0,Closed
L000845,A001273,C00502,B002,2025-12-01,7920102.56,12.13,12,704173.27,2026-12-01,2281768.3,40,31-60 DPD
L000846,A001275,C00694,B001,2025-02-03,5857776.38,11.28,24,273780.41,2027-02-03,1220370.08,25,1-30 DPD
L000847,A001277,C00483,B001,2026-05-18,1622008.72,14.52,18,100822.63,2027-11-18,1338121.68,46,31-60 DPD
L000848,A001278,C00151,B004,2024-06-26,5203061.66,14.79,24,251760.2,2026-06-26,119736.77,0,Closed
L000849,A001279,C00345,B001,2025-08-11,2708192.8,13.22,24,129032.45,2027-08-11,1309140.6,47,31-60 DPD
L000850,A001280,C00055,B004,2024-04-20,5462919.57,12.11,24,257439.31,2026-04-20,227621.65,0,Closed
L000851,A001281,C00814,B008,2026-01-08,2771571.63,14.84,24,134173.62,2028-01-08,1876062.07,29,1-30 DPD
L000852,A001282,C00595,B001,2024-02-01,2371391.39,13.24,18,145981.97,2025-08-01,344940.75,0,Closed
L000853,A001283,C00793,B002,2025-06-27,3088207.71,11.48,36,101807.39,2028-06-27,1892321.35,38,31-60 DPD
L000854,A001284,C00941,B004,2026-09-02,3371101.83,13.67,18,208201.43,2028-03-02,3371101.83,0,Current
L000855,A001285,C00262,B006,2025-12-25,4048933.07,11.83,18,246592.61,2027-06-25,2024466.53,30,1-30 DPD
L000856,A001287,C00243,B002,2026-05-02,541283.34,13.36,24,25825.22,2028-05-02,460617.05,21,1-30 DPD
L000857,A001288,C00882,B002,2026-04-20,12890764.97,11.74,12,1143761.54,2027-04-20,8593843.31,41,31-60 DPD
L000858,A001289,C00840,B001,2025-03-01,4238786.73,14.49,18,263419.53,2026-09-01,641397.34,0,Closed
L000859,A001290,C00602,B001,2025-03-12,2972117.96,15.2,18,185694.82,2026-09-12,0.0,0,Closed
L000860,A001291,C00773,B006,2026-05-05,2991763.81,14.3,36,102687.86,2029-05-05,2659345.61,19,1-30 DPD
L000861,A001292,C00807,B004,2025-07-10,1570714.7,15.34,18,98240.22,2027-01-10,510745.66,56,31-60 DPD
L000862,A001294,C00987,B004,2025-08-13,857313.24,12.76,24,40661.66,2027-08-13,439637.86,48,31-60 DPD
L000863,A001297,C00503,B006,2024-04-12,7239443.49,14.56,12,651917.82,2025-04-12,1019281.31,0,Closed
L000864,A001299,C00398,B001,2025-12-23,2812655.73,10.78,12,248298.64,2026-12-23,937551.91,38,31-60 DPD
L000865,A001300,C00966,B006,2025-06-07,484982.76,14.86,12,43741.69,2026-06-07,80830.46,0,Closed
L000866,A001303,C00111,B004,2024-03-07,2129267.09,15.5,12,192686.78,2025-03-07,312049.08,0,Closed
L000867,A001305,C00040,B002,2025-08-26,4363575.98,14.92,36,151093.9,2028-08-26,2822675.32,28,1-30 DPD
L000868,A001306,C00424,B006,2025-05-02,2301024.41,14.38,24,110892.34,2027-05-02,862884.15,60,31-60 DPD
L000869,A001307,C00281,B001,2025-11-30,2460223.55,15.03,24,119323.06,2027-11-28,1435130.4,23,1-30 DPD
L000870,A001308,C00547,B003,2026-02-28,1194828.25,11.72,24,56088.61,2028-02-28,846336.68,14,1-30 DPD
L000871,A001310,C00124,B006,2026-03-24,4467407.01,10.89,6,768395.2,2026-09-24,289706.77,0,Closed
L000872,A001313,C00858,B003,2026-07-08,767430.67,12.79,18,47081.61,2028-01-08,682160.6,0,Current
L000873,A001314,C00193,B001,2025-02-07,1049343.75,12.6,24,49690.79,2027-02-07,285640.57,85,61-90 DPD
L000874,A001315,C00088,B002,2025-08-26,511428.55,12.25,24,24134.47,2027-08-26,255714.27,90,61-90 DPD
L000875,A001317,C00775,B001,2024-05-20,4582747.8,12.6,12,408459.02,2025-05-20,0.0,0,Closed
L000876,A001318,C00984,B006,2025-08-21,5576653.15,13.26,12,498771.98,2026-08-21,625823.03,0,Closed
L000877,A001319,C00517,B004,2024-11-02,7052043.27,13.82,36,240406.06,2027-11-02,2867872.88,27,1-30 DPD
L000878,A001320,C00844,B006,2024-11-20,942663.96,11.72,12,83631.12,2025-11-20,127688.28,0,Closed
L000879,A001323,C00934,B004,2025-09-27,6661743.13,10.59,24,309222.89,2027-09-27,3330871.56,30,1-30 DPD
L000880,A001325,C00473,B004,2024-08-14,4792890.81,10.75,24,222830.38,2026-08-14,575622.15,0,Closed
L000881,A001326,C00956,B005,2025-04-06,1733927.47,10.33,12,152706.02,2026-04-06,0.0,0,Closed
L000882,A001328,C00376,B002,2024-10-08,1692296.5,14.36,36,58135.02,2027-10-08,668996.62,60,31-60 DPD
L000883,A001331,C00004,B005,2026-01-20,7410315.06,14.64,18,461036.4,2027-07-20,4528525.87,90,61-90 DPD
L000884,A001337,C00253,B004,2024-08-13,2369965.72,15.0,36,82155.64,2027-08-13,810184.55,120,90+ DPD
L000885,A001338,C00500,B003,2025-01-23,3356799.71,12.19,12,298546.04,2026-01-23,0.0,0,Closed
L000886,A001339,C00025,B005,2026-04-08,1681417.31,12.54,12,149816.98,2027-04-08,980826.76,0,Current
L000887,A001342,C00928,B004,2025-11-27,1560183.77,10.32,24,72225.22,2027-11-27,910107.2,22,1-30 DPD
L000888,A001344,C00481,B006,2026-02-27,890206.78,15.23,24,43260.48,2028-02-27,630563.14,6,1-30 DPD
L000889,A001345,C00099,B007,2024-08-17,2199925.96,13.88,36,75060.1,2027-08-17,794381.16,57,31-60 DPD
L000890,A001348,C00404,B006,2025-07-03,1698741.36,12.46,18,103956.08,2027-01-03,573836.2,90,61-90 DPD
L000891,A001349,C00245,B004,2026-08-03,9101250.62,14.55,6,1581893.95,2027-02-03,7584375.52,0,Current
L000892,A001350,C00280,B004,2024-09-08,974653.54,13.95,36,33287.68,2027-09-08,349690.3,42,31-60 DPD
L000893,A001352,C00714,B003,2024-02-18,648489.24,11.81,6,111834.88,2024-08-18,0.0,0,Closed
L000894,A001355,C00115,B003,2026-03-28,14578755.26,12.89,18,895081.39,2027-09-28,9719170.17,27,1-30 DPD
L000895,A001358,C00033,B002,2024-02-20,4097349.92,13.79,18,253285.12,2025-08-20,433846.36,0,Closed
L000896,A001359,C00615,B006,2026-01-26,1564121.51,10.01,12,137518.4,2027-01-26,580000.53,24,1-30 DPD
L000897,A001361,C00373,B001,2026-05-06,1115879.84,10.67,6,191810.52,2026-11-06,557939.92,60,31-60 DPD
L000898,A001363,C00491,B002,2025-10-12,3016507.42,10.5,18,181857.86,2027-04-12,1244879.17,58,31-60 DPD
L000899,A001364,C00439,B002,2024-12-19,943335.55,11.85,12,83748.04,2025-12-19,0.0,0,Closed
L000900,A001365,C00025,B005,2025-10-16,5094941.99,12.28,18,311363.09,2027-04-16,2981864.65,60,31-60 DPD
L000901,A001366,C00212,B001,2025-10-07,6200949.37,14.79,18,386232.33,2027-04-07,2513322.58,21,1-30 DPD
L000902,A001367,C00272,B002,2024-02-24,6241922.09,11.58,12,553361.55,2025-02-24,632611.24,0,Closed
L000903,A001369,C00956,B005,2024-03-11,2995006.86,10.38,24,138730.25,2026-03-11,446082.01,0,Closed
L000904,A001370,C00938,B003,2026-05-15,2579430.88,11.09,12,228082.68,2027-05-15,1934573.16,60,31-60 DPD
L000905,A001373,C00434,B008,2024-10-15,2697849.83,12.76,12,240660.93,2025-10-15,0.0,0,Closed
L000906,A001374,C00866,B008,2025-06-20,7138797.95,12.97,12,637517.51,2026-06-20,936593.25,0,Closed
L000907,A001375,C00803,B005,2026-04-17,1183275.87,12.62,36,39653.01,2029-04-17,1051800.77,90,61-90 DPD
L000908,A001376,C00308,B002,2025-04-24,11620818.47,12.47,12,1035052.46,2026-04-24,984797.92,0,Closed
L000909,A001377,C00755,B002,2025-05-15,465678.79,11.53,6,80243.99,2025-11-15,0.0,0,Closed
L000910,A001378,C00473,B004,2026-06-01,4135709.49,13.63,12,370613.82,2027-06-01,3101782.12,0,Current
L000911,A001379,C00924,B001,2026-03-24,1015569.46,13.26,24,48406.14,2028-03-24,761677.09,0,Current
L000912,A001380,C00407,B002,2024-03-28,3589221.98,11.21,36,117863.79,2027-03-28,752885.69,60,31-60 DPD
L000913,A001382,C00382,B004,2026-06-16,3814977.24,13.36,6,660834.28,2026-12-16,1907488.62,0,Current
L000914,A001383,C00778,B008,2024-04-11,4394096.74,11.48,12,389342.07,2025-04-11,579994.27,0,Closed
L000915,A001384,C00393,B007,2025-10-13,514234.4,12.71,6,88910.81,2026-04-13,171411.47,0,Closed
L000916,A001385,C00026,B001,2025-02-09,3932090.37,11.9,24,184913.57,2027-02-09,923104.92,38,31-60 DPD
L000917,A001386,C00703,B007,2026-09-10,3326667.57,10.73,24,154632.1,2028-09-10,3326667.57,0,Current
L000918,A001388,C00009,B002,2026-01-02,668607.4,15.37,24,32536.19,2028-01-02,484948.59,60,31-60 DPD
L000919,A001389,C00664,B005,2026-03-09,5350388.47,13.44,24,255474.39,2028-03-09,4369299.87,90,61-90 DPD
L000920,A001390,C00280,B002,2025-07-13,560145.13,10.93,36,18319.87,2028-07-13,351545.74,52,31-60 DPD
L000921,A001392,C00785,B005,2025-12-06,1296816.63,13.99,36,44315.82,2028-12-06,994879.85,48,31-60 DPD
L000922,A001394,C00730,B008,2025-03-19,454253.38,10.51,36,14766.49,2028-03-19,237412.26,48,31-60 DPD
L000923,A001395,C00820,B007,2025-04-23,1072579.56,13.41,24,51199.19,2027-04-23,471166.99,60,31-60 DPD
L000924,A001397,C00110,B007,2025-01-14,890510.0,10.22,12,78381.12,2026-01-14,148418.33,0,Closed
L000925,A001398,C00141,B008,2024-04-07,1202391.6,15.34,36,41881.78,2027-04-07,364421.32,120,90+ DPD
L000926,A001399,C00328,B008,2025-10-21,412529.31,14.62,12,37160.27,2026-10-21,34377.44,20,1-30 DPD
L000927,A001400,C00688,B001,2024-05-30,2407999.12,15.44,6,419599.09,2024-11-28,0.0,0,Closed
L000928,A001401,C00155,B002,2025-07-18,3755072.27,10.79,36,122563.15,2028-07-18,2294766.39,25,1-30 DPD
L000929,A001402,C00485,B006,2025-01-14,3349316.18,14.58,36,115417.46,2028-01-14,1564578.72,53,31-60 DPD
L000930,A001403,C00496,B004,2026-02-18,1363932.41,10.87,6,234583.28,2026-08-18,227322.07,0,Closed
L000931,A001404,C00348,B005,2024-05-13,11760045.29,15.36,36,409742.1,2027-05-13,3369092.27,120,90+ DPD
L000932,A001405,C00422,B003,2024-03-03,10747630.04,13.5,12,962472.06,2025-03-03,0.0,0,Closed
L000933,A001407,C00866,B008,2024-03-01,1602628.67,10.3,18,96470.72,2025-09-01,305646.68,0,Closed
L000934,A001408,C00208,B006,2025-01-25,1362311.34,15.02,24,66066.86,2027-01-25,312314.3,60,31-60 DPD
L000935,A001409,C00992,B001,2025-03-29,2088093.68,10.08,36,67455.36,2028-03-28,1262428.71,120,90+ DPD
L000936,A001411,C00728,B008,2024-02-26,1206959.01,15.48,24,58797.02,2026-02-26,62367.66,0,Closed
L000937,A001412,C00494,B008,2024-08-01,6371112.43,11.99,6,1099293.56,2025-02-01,676257.35,0,Closed
L000938,A001413,C00663,B001,2025-05-04,8784639.96,13.68,12,787425.44,2026-05-04,732053.33,0,Closed
L000939,A001416,C00622,B007,2025-11-14,6197537.97,15.39,36,216025.21,2028-11-14,4534130.31,58,31-60 DPD
L000940,A001421,C00512,B004,2025-07-07,3658596.42,12.22,24,172598.96,2027-07-07,1909301.23,90,61-90 DPD
L000941,A001422,C00476,B007,2025-06-18,13889552.67,14.87,12,1252795.71,2026-06-18,996095.92,0,Closed
L000942,A001424,C00411,B005,2026-02-03,2747274.8,15.34,24,133650.37,2028-02-03,2060456.1,60,31-60 DPD
L000943,A001425,C00479,B003,2026-01-24,24691297.75,13.22,12,2207908.8,2027-01-24,10668695.24,23,1-30 DPD
L000944,A001426,C00512,B004,2025-02-01,2858031.4,11.71,24,134150.73,2027-02-01,771615.77,31,31-60 DPD
L000945,A001428,C00592,B004,2026-09-30,953182.2,13.66,18,58864.69,2028-03-28,953182.2,0,Current
L000946,A001429,C00528,B004,2024-09-16,11492865.15,11.15,18,696329.0,2026-03-16,357018.99,0,Closed
L000947,A001430,C00191,B008,2026-06-08,2192272.91,10.48,24,101648.64,2028-06-08,1967669.29,39,31-60 DPD
L000948,A001431,C00523,B004,2026-08-29,2256857.9,14.48,24,108870.72,2028-08-28,2162822.15,0,Current
L000949,A001432,C00710,B004,2026-03-26,935170.89,12.5,12,83307.7,2027-03-26,496465.51,45,31-60 DPD
L000950,A001433,C00079,B005,2025-06-06,22753382.83,11.28,12,2013954.66,2026-06-06,2379753.3,0,Closed
L000951,A001434,C00462,B003,2024-07-29,4760266.9,10.61,12,419854.81,2025-07-28,232001.67,0,Closed
L000952,A001439,C00192,B004,2024-12-26,4035048.05,14.27,36,138438.11,2027-12-26,1845951.2,60,31-60 DPD
L000953,A001440,C00174,B008,2025-08-26,12812339.0,13.37,36,433985.22,2028-08-26,8892167.96,37,31-60 DPD
L000954,A001441,C00949,B005,2024-10-06,1622689.23,10.31,24,75111.26,2026-10-06,172302.67,90,61-90 DPD
L000955,A001442,C00111,B004,2024-06-05,2940843.26,15.17,24,142829.28,2026-06-05,491064.72,0,Closed
L000956,A001444,C00531,B005,2025-09-20,6109648.82,13.03,36,205946.51,2028-09-20,4149456.66,24,1-30 DPD
L000957,A001445,C00175,B006,2024-07-19,590354.25,11.55,12,52328.06,2025-07-19,98392.38,0,Closed
L000958,A001446,C00277,B002,2024-11-04,1984479.02,13.12,24,94457.64,2026-11-04,234491.69,54,31-60 DPD
L000959,A001447,C00330,B001,2024-05-27,4195566.57,13.32,6,726677.27,2024-11-27,0.0,0,Closed
L000960,A001450,C00196,B006,2026-07-10,2718339.36,15.13,18,169749.38,2028-01-10,2416301.65,0,Current
L000961,A001451,C00745,B006,2026-01-28,9403844.65,11.06,18,569367.95,2027-07-28,5224358.14,30,1-30 DPD
L000962,A001452,C00960,B003,2025-07-22,1609275.0,10.61,24,74713.78,2027-07-22,825349.19,120,90+ DPD
L000963,A001455,C00732,B004,2024-06-14,10873112.56,12.83,36,365468.45,2027-06-14,3281606.0,120,90+ DPD
L000964,A001456,C00688,B002,2025-06-02,2087143.69,12.52,24,98756.7,2027-06-02,956607.52,59,31-60 DPD
L000965,A001459,C00083,B004,2024-11-30,2934391.72,10.47,12,258621.53,2025-11-28,244532.64,0,Closed
L000966,A001460,C00580,B006,2025-10-09,2160728.38,14.64,12,194656.84,2026-10-09,267362.24,54,31-60 DPD
L000967,A001461,C00832,B005,2025-01-26,1764797.67,14.1,12,158539.14,2026-01-26,147066.47,0,Closed
L000968,A001462,C00725,B001,2025-10-08,501194.69,10.44,24,23229.51,2027-10-08,287282.11,54,31-60 DPD
L000969,A001463,C00317,B001,2024-09-09,11119847.39,15.16,18,694546.93,2026-03-09,617769.3,0,Closed
L000970,A001464,C00509,B004,2024-10-14,3763085.68,13.52,18,232146.57,2026-04-14,209060.32,0,Closed
L000971,A001465,C00177,B006,2025-07-31,1382916.46,14.61,18,86019.34,2027-01-28,460972.15,120,90+ DPD
L000972,A001466,C00691,B004,2026-06-08,2033762.7,13.94,36,69449.94,2029-06-08,1864282.47,0,Current
L000973,A001469,C00133,B001,2024-11-29,1076701.14,13.51,18,66417.18,2026-05-28,179450.19,0,Closed
L000974,A001470,C00812,B002,2024-03-25,740915.32,14.39,18,46009.42,2025-09-25,152707.32,0,Closed
L000975,A001472,C00205,B002,2025-01-29,4778507.11,13.73,18,295257.87,2026-07-28,0.0,0,Closed
L000976,A001473,C00434,B008,2024-04-16,4599280.43,13.11,6,796122.95,2024-10-16,662944.95,0,Closed
L000977,A001475,C00630,B007,2026-04-19,981373.04,13.49,18,60527.61,2027-10-19,708769.42,0,Current
L000978,A001476,C00661,B006,2024-09-03,1043193.14,10.83,36,34068.88,2027-09-03,387344.09,58,31-60 DPD
L000979,A001477,C00815,B005,2025-06-02,15284447.21,10.36,24,707842.02,2027-06-02,7005371.64,90,61-90 DPD
L000980,A001478,C00923,B007,2025-09-27,872504.85,10.8,12,77032.05,2026-09-27,95254.6,0,Closed
L000981,A001479,C00009,B002,2026-02-18,1384130.69,10.21,24,64004.85,2028-02-18,980425.91,26,1-30 DPD
L000982,A001480,C00345,B006,2024-10-16,5077182.69,10.24,6,871649.15,2025-04-16,0.0,0,Closed
L000983,A001481,C00551,B005,2026-07-29,2312725.25,14.36,24,111434.34,2028-07-28,2119998.15,0,Current
L000984,A001483,C00966,B006,2024-12-05,593032.63,13.77,12,53182.53,2025-12-05,64227.23,0,Closed
L000985,A001484,C00061,B003,2025-03-18,1699233.93,10.35,6,291816.11,2025-09-18,0.0,0,Closed
L000986,A001485,C00676,B005,2026-03-04,2509202.25,15.08,12,226571.09,2027-03-04,1254601.12,27,1-30 DPD
L000987,A001486,C00062,B002,2024-03-19,1906792.53,14.03,18,118086.2,2025-09-19,103335.82,0,Closed
L000988,A001487,C00862,B002,2024-02-09,7217917.4,11.93,12,641066.88,2025-02-09,731354.28,0,Closed
L000989,A001489,C00926,B007,2026-02-05,2504403.33,13.44,18,154404.17,2027-08-05,1651058.96,42,31-60 DPD
L000990,A001493,C00753,B004,2026-01-07,2151822.98,11.38,24,100671.87,2028-01-07,1434548.65,21,1-30 DPD
L000991,A001496,C00703,B007,2025-01-24,7800603.36,11.62,12,691688.23,2026-01-24,411734.96,0,Closed
L000992,A001497,C00580,B006,2025-09-15,887757.47,12.36,12,79025.76,2026-09-15,66701.77,0,Closed
L000993,A001498,C00129,B004,2025-01-24,17703074.38,14.39,24,853240.92,2027-01-24,3748165.44,29,1-30 DPD
L000994,A001499,C00104,B004,2026-07-11,1313266.27,10.31,12,115646.4,2027-07-11,1094388.56,0,Current
L000995,A001500,C00854,B002,2025-10-30,4353103.02,12.38,18,266230.19,2027-04-28,1692873.4,16,1-30 DPD
